Sport,Discipline,Event,Event_gender,Athlete_Name,Gender,Country_ID,Bronze,Silver,Gold
Weightlifting,Weightlifting,"67.5 - 75kg, total (middleweight)",M,"PERVI, Aleksandr",Men,URS,0,1,0
Football,Football,football,M,"GAVRILOV, Yuri",Men,URS,1,0,0
Rowing,Rowing,four without coxswain (4-),M,"BRIETZKE, Siegfried",Men,GDR,0,0,1
Modern Pentathlon,Modern Pentath.,Team competition,M,"PETTERSSON, Lennart",Men,SWE,1,0,0
Athletics,Athletics,4x100m relay,M,"LICZNERSKI, Zenon",Men,POL,0,1,0
Fencing,Fencing,foil team,W,"MAROS, Magda",Women,HUN,1,0,0
Weightlifting,Weightlifting,"60 - 67.5kg, total (lightweight)",M,"PASHEV, Mincho",Men,BUL,1,0,0
Volleyball,Volleyball,volleyball,W,"ANDREIUK, Elena",Women,URS,0,0,1
Wrestling,Wrestling Free.,90 - 100kg (heavyweight),M,"STRNISKO, Julius",Men,TCH,1,0,0
Athletics,Athletics,discus throw,M,"BUGAR, Imrich",Men,TCH,0,1,0
Gymnastics,Artistic G.,team competition,W,"RÜHN, Melita",Women,ROU,0,1,0
Athletics,Athletics,4x100m relay,W,"KOMISOVA, Vera",Women,URS,0,1,0
Athletics,Athletics,pole vault,M,"KOZAKIEWICZ, Wladyslaw",Men,POL,0,0,1
Athletics,Athletics,50km walk,M,"LLOPART RIBAS, Jorge",Men,ESP,0,1,0
Wrestling,Wrestling Gre-R,52 - 57kg (bantamweight),M,"LIPIEN, Josef",Men,POL,0,1,0
Wrestling,Wrestling Free.,82 - 90kg (light-heavyweight),M,"NEUPERT, Uwe",Men,GDR,0,1,0
Fencing,Fencing,épée team,M,"RIBOUD, Philippe",Men,FRA,0,0,1
Football,Football,football,M,"STAMBACHR, Frantisek",Men,TCH,0,0,1
Football,Football,football,M,"ULLRICH, Artur",Men,GDR,0,1,0
Shooting,Shooting,50m pistol (60 shots),X,"MELENTIEV, Aleksandr",Men,URS,0,0,1
Athletics,Athletics,4x400m relay,W,"LÖWE, Gabriele",Women,GDR,0,1,0
Handball,Handball,handball,M,"WAHL, Frank-Michael",Men,GDR,0,0,1
Hockey,Hockey,hockey,W,"BOXHALL, Arlene Nadine",Women,ZIM,0,0,1
Weightlifting,Weightlifting,"+ 110kg, total (super heavyweight)",M,"RAKHMANOV, Sultan",Men,URS,0,0,1
Wrestling,Wrestling Free.,+ 100kg (super heavyweight),M,"BALLA, Jozsef",Men,HUN,0,1,0
Football,Football,football,M,"NEMEC, Petr",Men,TCH,0,0,1
Hockey,Hockey,hockey,M,"GONCHAROV, Aleksandr",Men,URS,1,0,0
Aquatics,Swimming,4x200m freestyle relay,M,"WOITHE, Jörg",Men,GDR,0,1,0
Fencing,Fencing,sabre team,M,"NAZLYMOV, Vladimir",Men,URS,0,0,1
Judo,Judo,60 - 65kg (half-lightweight),M,"NEDKOV, Ilian",Men,BUL,1,0,0
Aquatics,Swimming,100m butterfly,W,"POLLACK, Andrea",Women,GDR,0,1,0
Aquatics,Water polo,water polo,M,"GERENDAS, Gyorgy",Men,HUN,1,0,0
Hockey,Hockey,hockey,W,"GURYEVA, Elena",Women,URS,1,0,0
Rowing,Rowing,four-oared shell with coxswain (4-),W,"SAALFELD, Romy",Women,GDR,0,0,1
Gymnastics,Artistic G.,team competition,W,"GNAUCK, Maxi",Women,GDR,1,0,0
Hockey,Hockey,hockey,W,"BUZUNOVA, Natalia",Women,URS,1,0,0
Shooting,Shooting,50m running target (30+30 shots),X,"GAZOV, Aleksandr",Men,URS,1,0,0
Rowing,Rowing,eight with coxswain (8+),W,"PUSCATU-ARBA, Rodica",Women,ROU,1,0,0
Boxing,Boxing,- 48kg (light-flyweight),M,"MUSTAFOV, Ismail",Men,BUL,1,0,0
Rowing,Rowing,single sculls (1x),W,"TOMA, Sanda",Women,ROU,0,0,1
Athletics,Athletics,100m hurdles,W,"LANGER, Lucyna",Women,POL,1,0,0
Sailing,Sailing,two-person keelboat open (Star),X,"MUZYCHENKO, Aleksandr",Men,URS,0,0,1
Canoe / Kayak,Canoe / Kayak F,K-2 500m (kayak double),M,"MENENDEZ RODRIGUEZ, Herminio",Men,ESP,0,1,0
Hockey,Hockey,hockey,M,"KUMAR, Charanjit",Men,IND,0,0,1
Hockey,Hockey,hockey,M,"AIRAPETYAN, Sos",Men,URS,1,0,0
Fencing,Fencing,sabre team,M,"ALEKHIN, Nikolai",Men,URS,0,0,1
Wrestling,Wrestling Gre-R,62 - 68kg (lightweight),M,"SUPRON, Andrzej",Men,POL,0,1,0
Aquatics,Swimming,400m individual medley,W,"CZOPEK, Agnieszka",Women,POL,1,0,0
Athletics,Athletics,110m hurdles,M,"CASANAS RAMIREZ, Alejandro",Men,CUB,0,1,0
Athletics,Athletics,4x100m relay,W,"ECKERT-WÖCKEL, Bärbel",Women,GDR,0,0,1
Shooting,Shooting,trap (125 targets),X,"YAMBULATOV, Rustam",Men,URS,0,1,0
Cycling,Cycling Road,team time trial,M,"LOGVIN, Oleg",Men,URS,0,0,1
Volleyball,Volleyball,volleyball,W,"PAVLOVA, Larisa",Women,URS,0,0,1
Equestrian,Jumping,individual,X,"PEREZ DE LA HERAS, Joaquin",Men,MEX,1,0,0
Volleyball,Volleyball,volleyball,M,"TSANOV, Tsano",Men,BUL,0,1,0
Equestrian,Eventing,team,X,"ROMAN, Federico Euro",Men,ITA,0,1,0
Fencing,Fencing,épée team,M,"ABUSHAKHMETOV, Aleksandr",Men,URS,1,0,0
Hockey,Hockey,hockey,W,"ZAZDRAVNYKH, Valentina",Women,URS,1,0,0
Handball,Handball,handball,M,"REPIEV, Vladimir",Men,URS,0,1,0
Rowing,Rowing,eight with coxswain (8+),M,"FRIEDRICH, Jörg",Men,GDR,0,0,1
Boxing,Boxing,57 - 60kg (lightweight),M,"DEMIANENKO, Viktor",Men,URS,0,1,0
Aquatics,Swimming,4x100m medley relay,M,"LOWE, David",Men,GBR,1,0,0
Canoe / Kayak,Canoe / Kayak F,K-2 500m (kayak double),M,"DEL RIEGO GORDON, Guillermo",Men,ESP,0,1,0
Football,Football,football,M,"MAZURA, Josef",Men,TCH,0,0,1
Basketball,Basketball,basketball,M,"SOLFRINI, Marco",Men,ITA,0,1,0
Judo,Judo,open category,M,"OZSVAR, Andras",Men,HUN,1,0,0
Aquatics,Swimming,4x200m freestyle relay,M,"FERNANDES, Jorge Luiz",Men,BRA,1,0,0
Gymnastics,Artistic G.,team competition,W,"KRÄKER, Steffi",Women,GDR,1,0,0
Canoe / Kayak,Canoe / Kayak F,K-2 500m (kayak double),M,"OLBRICHT, Bernd",Men,GDR,1,0,0
Athletics,Athletics,4x400m relay,M,"MARKIN, Viktor",Men,URS,0,0,1
Weightlifting,Weightlifting,"67.5 - 75kg, total (middleweight)",M,"KOLEV, Nedelcho",Men,BUL,1,0,0
Sailing,Sailing,two-person keelboat open (Star),X,"RAUDASCHL, Hubert",Men,AUT,0,1,0
Weightlifting,Weightlifting,"82.5 - 90kg, total (middle-heavyweight)",M,"BACZAKO, Peter",Men,HUN,0,0,1
Athletics,Athletics,4x400m relay,W,"ZIUSKOVA, Nina",Women,URS,0,0,1
Judo,Judo,86 - 95kg (half-heavyweight),M,"NUMAN, Henk",Men,NED,1,0,0
Handball,Handball,handball,W,"RÖTHER, Sabine",Women,GDR,1,0,0
Rowing,Rowing,quadruple sculls without coxswain (4x),M,"SHAPOCHKA, Yuri",Men,URS,0,1,0
Boxing,Boxing,67 - 71kg (light-middleweight),M,"FRANEK, Jan",Men,TCH,1,0,0
Judo,Judo,71 - 78kg (half-middleweight),M,"FERRER, Juan",Men,CUB,0,1,0
Canoe / Kayak,Canoe / Kayak F,C-1 1000m (canoe single),M,"LIUBENOV, Liubomir",Men,BUL,0,0,1
Basketball,Basketball,basketball,W,"ZAKHAROVA-NADIROVA, Tatiana",Women,URS,0,0,1
Football,Football,football,M,"PROKOPENKO, Aleksandr",Men,URS,1,0,0
Equestrian,Jumping,team,X,"CHUKANOV, Viacheslav",Men,URS,0,0,1
Handball,Handball,handball,M,"GRUNER, Klaus",Men,GDR,0,0,1
Weightlifting,Weightlifting,"90 - 100kg, total (first-heavyweight)",M,"ZAREMBA, Ota",Men,TCH,0,0,1
Fencing,Fencing,sabre individual,M,"GEDOVARI, Imre",Men,HUN,1,0,0
Aquatics,Swimming,4x200m freestyle relay,M,"STUKOLKIN, Ivar",Men,URS,0,0,1
Gymnastics,Artistic G.,pommel horse,M,"NIKOLAY, Michael",Men,GDR,1,0,0
Canoe / Kayak,Canoe / Kayak F,C-1 500m (canoe single),M,"LIUBENOV, Liubomir",Men,BUL,0,1,0
Cycling,Cycling Track,Sprint indivual,M,"HESSLICH, Lutz",Men,GDR,0,0,1
Volleyball,Volleyball,volleyball,M,"CATA-CHITIGA, Marius",Men,ROU,1,0,0
Basketball,Basketball,basketball,M,"NAKIC-VOJNOVIC, Mihovil",Men,YUG,0,0,1
Aquatics,Diving,3m springboard,W,"PROEBER, Martina",Women,GDR,0,1,0
Basketball,Basketball,basketball,M,"EREMIN, Stanislav",Men,URS,1,0,0
Basketball,Basketball,basketball,M,"SALNIKOV, Aleksandr",Men,URS,1,0,0
Equestrian,Eventing,individual,X,"SALNIKOV, Yuri",Men,URS,1,0,0
Sailing,Sailing,two-person keelboat open (Star),X,"PERABONI, Alfio",Men,ITA,1,0,0
Hockey,Hockey,hockey,M,"DEPUTATOV, Viktor",Men,URS,1,0,0
Athletics,Athletics,200m,M,"QUARRIE, Donald",Men,JAM,1,0,0
Handball,Handball,handball,W,"VOJINOVIC, Zorica",Women,YUG,0,1,0
Weightlifting,Weightlifting,"- 56kg, total (bantamweight)",M,"NUNEZ AGUIAR, Daniel",Men,CUB,0,0,1
Aquatics,Swimming,400m individual medley,M,"VERRASZTO, Zoltan",Men,HUN,1,0,0
Rowing,Rowing,quadruple sculls with coxswain (4x),W,"BONCHEVA, Rumeliana",Women,BUL,1,0,0
Basketball,Basketball,basketball,M,"KRSTULOVIC, Duje",Men,YUG,0,0,1
Athletics,Athletics,4x400m relay,W,"KOCH, Marita",Women,GDR,0,1,0
Aquatics,Swimming,400m freestyle,M,"KRYLOV, Andrei",Men,URS,0,1,0
Athletics,Athletics,high jump,M,"WESSIG, Gerd",Men,GDR,0,0,1
Athletics,Athletics,javelin throw,M,"KULA, Dainis",Men,URS,0,0,1
Football,Football,football,M,"PILGUI, Vladimir",Men,URS,1,0,0
Aquatics,Swimming,4x100m freestyle relay,W,"MAAS, Annelies",Women,NED,1,0,0
Aquatics,Water polo,water polo,M,"FARAGO, Tamas",Men,HUN,1,0,0
Boxing,Boxing,48 - 51kg (flyweight),M,"VARADI, Janos",Men,HUN,1,0,0
Football,Football,football,M,"JAKUBOWSKI, Bernd",Men,GDR,0,1,0
Canoe / Kayak,Canoe / Kayak F,K-4 1000m (kayak four),M,"DIBA, Vasile",Men,ROU,0,1,0
Volleyball,Volleyball,volleyball,M,"DIMITROV, Dimitr",Men,BUL,0,1,0
Rowing,Rowing,eight with coxswain (8+),W,"APOSTEANU, Angelica",Women,ROU,1,0,0
Rowing,Rowing,pair-oared shell with coxswain (2+),M,"ULRICH, Friedrich-Wilhelm",Men,GDR,0,0,1
Hockey,Hockey,hockey,W,"VOLK, Helen",Women,ZIM,0,0,1
Judo,Judo,78 - 86kg (middleweight),M,"RÖTHLISBERGER, Jürg",Men,SUI,0,0,1
Athletics,Athletics,4x100m relay,M,"BARRE, Patrick",Men,FRA,1,0,0
Wrestling,Wrestling Gre-R,52 - 57kg (bantamweight),M,"SERIKOV, Shamil",Men,URS,0,0,1
Hockey,Hockey,hockey,W,"KHAM, Alina",Women,URS,1,0,0
Canoe / Kayak,Canoe / Kayak F,K-4 1000m (kayak four),M,"OLBRICHT, Bernd",Men,GDR,0,0,1
Shooting,Shooting,50m rifle 3 positions (3x40 shots),X,"JOHANSSON, Sven",Men,SWE,1,0,0
Wrestling,Wrestling Gre-R,48 - 52kg (flyweight),M,"BLAGIDZE, Vakhtang",Men,URS,0,0,1
Rowing,Rowing,four-oared shell with coxswain (4-),M,"TOMASIAK, Adam",Men,POL,1,0,0
Rowing,Rowing,single sculls (1x),M,"KERSTEN, Peter",Men,GDR,1,0,0
Volleyball,Volleyball,volleyball,M,"TODOROV, Mitko",Men,BUL,0,1,0
Shooting,Shooting,25m rapid fire pistol (60 shots),X,"ION, Corneliu",Men,ROU,0,0,1
Canoe / Kayak,Canoe / Kayak F,C-1 500m (canoe single),M,"HEUKRODT, Olaf",Men,GDR,1,0,0
Rowing,Rowing,four without coxswain (4-),M,"DOLININ, Valeri",Men,URS,0,1,0
Volleyball,Volleyball,volleyball,M,"ZAITSEV, Viacheslav",Men,URS,0,0,1
Aquatics,Water polo,water polo,M,"IVANOV, Mikhail",Men,URS,0,0,1
Fencing,Fencing,épée team,M,"GARDAS, Hubert",Men,FRA,0,0,1
Rowing,Rowing,eight with coxswain (8+),M,"MANTSEVICH, Aleksandr",Men,URS,1,0,0
Sailing,Sailing,Tornado - Multihull,X,"MARSTRÖM, Göran",Men,SWE,1,0,0
Equestrian,Dressage,individual,X,"UGRYUMOV, Viktor",Men,URS,1,0,0
Basketball,Basketball,basketball,W,"MIKHAILOVA, Snezhana",Women,BUL,0,1,0
Cycling,Cycling Track,Team Pursuit (4000m),M,"CERNY, Teodor",Men,TCH,1,0,0
Archery,Archery,individual FITA round,W,"BUTUZOVA, Natalia",Women,URS,0,1,0
Aquatics,Swimming,200m freestyle,M,"KRYLOV, Andrei",Men,URS,0,1,0
Handball,Handball,handball,M,"FOLKER, Alexandru",Men,ROU,1,0,0
Hockey,Hockey,hockey,M,"GURMAIL, Singh",Men,IND,0,0,1
Basketball,Basketball,basketball,M,"ZHIGILY, Vladimir",Men,URS,1,0,0
Sailing,Sailing,Tornado - Multihull,X,"BJORKSTROM, Lars Sigurd",Men,BRA,0,0,1
Sailing,Sailing,470 - Two Person Dinghy,M,"SWENSSON, Egbert",Men,GDR,0,1,0
Basketball,Basketball,basketball,M,"BONAMICO, Marco",Men,ITA,0,1,0
Athletics,Athletics,pentathlon,W,"RUKAVISHNIKOVA, Olga",Women,URS,0,1,0
Basketball,Basketball,basketball,M,"MYSHKIN, Anatoli",Men,URS,1,0,0
Athletics,Athletics,pentathlon,W,"TKACHENKO, Nadezhda",Women,URS,0,0,1
Gymnastics,Artistic G.,horizontal bar,M,"DELTCHEV, Stoyan",Men,BUL,0,0,1
Football,Football,football,M,"VIZEK, Ladislav",Men,TCH,0,0,1
Handball,Handball,handball,W,"LUTAEVA, Valentina",Women,URS,0,0,1
Canoe / Kayak,Canoe / Kayak F,C-2 1000m (canoe double),M,"HEUKRODT, Olaf",Men,GDR,0,1,0
Rowing,Rowing,four-oared shell with coxswain (4-),W,"TODOROVA, Rita",Women,BUL,0,1,0
Volleyball,Volleyball,volleyball,M,"MOLIBOGA, Oleg",Men,URS,0,0,1
Canoe / Kayak,Canoe / Kayak F,K-1 1000m (kayak single),M,"BIRLADEANU, Ion",Men,ROU,1,0,0
Aquatics,Water polo,water polo,M,"KABANOV, Aleksandr",Men,URS,0,0,1
Aquatics,Water polo,water polo,M,"GRISHIN, Evgeni",Men,URS,0,0,1
Gymnastics,Artistic G.,rings,M,"TKACHEV, Aleksandr",Men,URS,0,1,0
Volleyball,Volleyball,volleyball,W,"RADZEVICH, Nadezhda",Women,URS,0,0,1
Canoe / Kayak,Canoe / Kayak F,C-2 500m (canoe double),M,"VASKUTI, Istvan",Men,HUN,0,0,1
Rowing,Rowing,eight with coxswain (8+),W,"SCHÜTZ, Birgit",Women,GDR,0,0,1
Fencing,Fencing,sabre team,M,"MEGLIO, Ferdinando",Men,ITA,0,1,0
Gymnastics,Artistic G.,team competition,W,"SUBE, Karola",Women,GDR,1,0,0
Aquatics,Swimming,200m backstroke,W,"TREIBER, Birgit",Women,GDR,1,0,0
Basketball,Basketball,basketball,W,"ROGOZHINA, Liudmila",Women,URS,0,0,1
Boxing,Boxing,54 - 57kg (featherweight),M,"KOSEDOWSKI, Krzysztof",Men,POL,1,0,0
Weightlifting,Weightlifting,"75 - 82.5kg, total (light-heavyweight)",M,"POLIACIK, Dusan",Men,TCH,1,0,0
Volleyball,Volleyball,volleyball,W,"PUSCHEL, Karin",Women,GDR,0,1,0
Sailing,Sailing,single-handed dinghy (Finn),M,"RECHARDT, Esko",Men,FIN,0,0,1
Volleyball,Volleyball,volleyball,W,"DIMITROVA, Rositsa",Women,BUL,1,0,0
Aquatics,Swimming,200m backstroke,W,"REINISCH, Rica",Women,GDR,0,0,1
Gymnastics,Artistic G.,floor exercises,M,"DITYATIN, Aleksandr",Men,URS,1,0,0
Shooting,Shooting,50m pistol (60 shots),X,"VOLLMAR, Harald",Men,GDR,0,1,0
Rowing,Rowing,eight with coxswain (8+),M,"KARNATZ, Ulrich",Men,GDR,0,0,1
Volleyball,Volleyball,volleyball,M,"LOOR, Viliar",Men,URS,0,0,1
Boxing,Boxing,51 - 54kg (bantamweight),M,"CIPERE, Dumitru",Men,ROU,1,0,0
Rowing,Rowing,eight with coxswain (8+),W,"TERESHINA, Elena",Women,URS,0,1,0
Aquatics,Swimming,4x100m medley relay,M,"MISKAROV, Arsen",Men,URS,0,1,0
Handball,Handball,handball,M,"VOINEA, Radu",Men,ROU,1,0,0
Handball,Handball,handball,W,"RICHTER-HOCHMUT, Kristina",Women,GDR,1,0,0
Handball,Handball,handball,M,"DRAGANITA, Cezar",Men,ROU,1,0,0
Aquatics,Diving,10m platform,M,"HOFFMANN, Falk",Men,GDR,0,0,1
Gymnastics,Artistic G.,pommel horse,M,"MAGYAR, Zoltan",Men,HUN,0,0,1
Handball,Handball,handball,W,"ROST, Christina",Women,GDR,1,0,0
Hockey,Hockey,hockey,M,"CABOT DURAN, Javier",Men,ESP,0,1,0
Athletics,Athletics,1500m,M,"STRAUB, Jürgen",Men,GDR,0,1,0
Rowing,Rowing,quadruple sculls with coxswain (4x),W,"ZOBELT, Roswietha",Women,GDR,0,0,1
Hockey,Hockey,hockey,W,"GEORGE, Maureen Jean",Women,ZIM,0,0,1
Aquatics,Swimming,4x100m medley relay,W,"GEWENIGER, Ute",Women,GDR,0,0,1
Fencing,Fencing,épée individual,M,"HARMENBERG, Johan",Men,SWE,0,0,1
Hockey,Hockey,hockey,W,"KRASNIKOVA, Natella",Women,URS,1,0,0
Wrestling,Wrestling Free.,74 - 82kg (middleweight),M,"ARATSILOV, Magomedkhan",Men,URS,0,1,0
Rowing,Rowing,eight with coxswain (8+),W,"PRISHCHEPA, Nadezhda",Women,URS,0,1,0
Weightlifting,Weightlifting,"100 - 110kg, total (heavyweight)",M,"CHRISTOV, Valentin",Men,BUL,0,1,0
Equestrian,Dressage,team,X,DECEBAL,Men,ROU,1,0,0
Rowing,Rowing,pair-oared shell with coxswain (2+),M,"CELENT, Zlatko",Men,YUG,1,0,0
Gymnastics,Artistic G.,balance beam,W,"COMANECI, Nadia",Women,ROU,0,0,1
Fencing,Fencing,sabre team,M,"SCALZO, Giovanni",Men,ITA,0,1,0
Gymnastics,Artistic G.,team competition,M,"BRÜCKNER, Roland",Men,GDR,0,1,0
Athletics,Athletics,4x100m relay,W,"ANISIMOVA, Vera",Women,URS,0,1,0
Canoe / Kayak,Canoe / Kayak F,C-2 500m (canoe double),M,"ANANIEV, Borislav",Men,BUL,1,0,0
Athletics,Athletics,marathon,M,"DZHUMANAZAROV, Setymkul",Men,URS,1,0,0
Volleyball,Volleyball,volleyball,M,"MINA, Florin",Men,ROU,1,0,0
Athletics,Athletics,decathlon,M,"KUTSENKO, Yuri",Men,URS,0,1,0
Hockey,Hockey,hockey,M,"PELLON FERNANDEZ, Juan",Men,ESP,0,1,0
Football,Football,football,M,"RADIMEC, Libor",Men,TCH,0,0,1
Volleyball,Volleyball,volleyball,M,"POP, Neculae Vasile",Men,ROU,1,0,0
Rowing,Rowing,four without coxswain (4-),M,"KULAGIN, Aleksandr",Men,URS,0,1,0
Weightlifting,Weightlifting,"+ 110kg, total (super heavyweight)",M,"RUTKOWSKI, Tadeusz",Men,POL,1,0,0
Rowing,Rowing,eight with coxswain (8+),M,"DOBERSCHÜTZ, Jens",Men,GDR,0,0,1
Athletics,Athletics,800m,W,"MINEEVA, Olga",Women,URS,0,1,0
Boxing,Boxing,+ 81kg (heavyweight),M,"LEVAI, Istvan",Men,HUN,1,0,0
Sailing,Sailing,two-person keelboat open (Star),X,"GORLA, Giorgio",Men,ITA,1,0,0
Fencing,Fencing,foil team,M,"KARAGIAN, Ashot",Men,URS,0,1,0
Athletics,Athletics,100m hurdles,W,"SCHALLER-KLIER, Johanna",Women,GDR,0,1,0
Gymnastics,Artistic G.,team competition,M,"VAMOS, Istvan",Men,HUN,1,0,0
Hockey,Hockey,hockey,M,"MALGOSA MORERA, Santiago",Men,ESP,0,1,0
Shooting,Shooting,25m rapid fire pistol (60 shots),X,"WIEFEL, Jürgen",Men,GDR,0,1,0
Fencing,Fencing,foil team,W,"SCHWARCZENBERGER, Ildiko",Women,HUN,1,0,0
Wrestling,Wrestling Gre-R,74 - 82kg (middleweight),M,"PAVLOV, Pavel",Men,BUL,1,0,0
Aquatics,Water polo,water polo,M,"KUNCZ, Laszlo",Men,HUN,1,0,0
Handball,Handball,handball,M,"KRAVTSOV, Vladimir",Men,URS,0,1,0
Hockey,Hockey,hockey,M,"ALLAN, Schofield",Men,IND,0,0,1
Modern Pentathlon,Modern Pentath.,Individual competition,M,"SZOMBATHELYI, Tamas",Men,HUN,0,1,0
Basketball,Basketball,basketball,W,"BECIRSPAHIC, Mersada",Women,YUG,1,0,0
Football,Football,football,M,"NIKULIN, Sergei",Men,URS,1,0,0
Hockey,Hockey,hockey,W,"WATSON, Linda Margaret",Women,ZIM,0,0,1
Aquatics,Water polo,water polo,M,"AKIMOV, Vladimir",Men,URS,0,0,1
Archery,Archery,individual FITA round,M,"POIKOLAINEN, Tomi",Men,FIN,0,0,1
Gymnastics,Artistic G.,floor exercises,W,"KIM, Nelli",Women,URS,0,0,1
Fencing,Fencing,foil team,W,"MUZIO, Christine",Women,FRA,0,0,1
Basketball,Basketball,basketball,M,"LOPATOV, Andrei",Men,URS,1,0,0
Cycling,Cycling Track,Team Pursuit (4000m),M,"WIEGAND, Matthias",Men,GDR,0,1,0
Fencing,Fencing,foil individual,M,"JOLYOT, Pascal",Men,FRA,0,1,0
Football,Football,football,M,"TRAUTMANN, Andreas",Men,GDR,0,1,0
Aquatics,Swimming,4x100m freestyle relay,W,"DE JONG, Reggie",Women,NED,1,0,0
Gymnastics,Artistic G.,balance beam,W,"SHAPOSHNIKOVA, Natalia",Women,URS,1,0,0
Equestrian,Eventing,individual,X,GALZUN,Men,URS,0,1,0
Handball,Handball,handball,M,"ROST, Peter",Men,GDR,0,0,1
Football,Football,football,M,"NETZ, Wolf-Rudiger",Men,GDR,0,1,0
Volleyball,Volleyball,volleyball,W,"SCHULTZ, Annette",Women,GDR,0,1,0
Rowing,Rowing,quadruple sculls without coxswain (4x),M,"DOBREV, Bogdan",Men,BUL,1,0,0
Gymnastics,Artistic G.,team competition,M,"MARKELOV, Vladimir",Men,URS,0,0,1
Wrestling,Wrestling Free.,62 - 68kg (lightweight),M,"YANKOV, Ivan",Men,BUL,0,1,0
Rowing,Rowing,four-oared shell with coxswain (4-),M,"WENDISCH, Dieter",Men,GDR,0,0,1
Football,Football,football,M,"ANDREEV, Sergei",Men,URS,1,0,0
Football,Football,football,M,"STEINBACH, Wolfgang",Men,GDR,0,1,0
Cycling,Cycling Road,team time trial,M,"DROGAN, Bernd",Men,GDR,0,1,0
Volleyball,Volleyball,volleyball,W,"GERASIMOVA, Margarita",Women,BUL,1,0,0
Sailing,Sailing,fleet/match race keelboat open (Soling),X,"GAVRILIS, Anastassios",Men,GRE,1,0,0
Gymnastics,Artistic G.,vault,W,"SHAPOSHNIKOVA, Natalia",Women,URS,0,0,1
Fencing,Fencing,sabre team,M,"BURTSEV, Mikhail",Men,URS,0,0,1
Football,Football,football,M,"RYGEL, Zdenek",Men,TCH,0,0,1
Sailing,Sailing,fleet/match race keelboat open (Soling),X,"BUDNIKOV, Aleksandr",Men,URS,0,1,0
Equestrian,Jumping,team,X,"BOBIK, Janusz",Men,POL,0,1,0
Gymnastics,Artistic G.,team competition,M,"HOFFMANN, Lutz",Men,GDR,0,1,0
Rowing,Rowing,eight with coxswain (8+),M,"LUGIN, Andrei",Men,URS,1,0,0
Rowing,Rowing,eight with coxswain (8+),W,"ILIUTA, Ana",Women,ROU,1,0,0
Rowing,Rowing,quadruple sculls without coxswain (4x),M,"HEPPNER, Uwe",Men,GDR,0,0,1
Shooting,Shooting,skeet (125 targets),X,"CASTRILLO GARCIA, Roberto",Men,CUB,1,0,0
Fencing,Fencing,foil individual,M,"SMIRNOV, Vladimir",Men,URS,0,0,1
Gymnastics,Artistic G.,team competition,W,"DUNKA, Rodica",Women,ROU,0,1,0
Handball,Handball,handball,M,"MAKHORIN, Viktor",Men,URS,0,1,0
Sailing,Sailing,single-handed dinghy (Finn),M,"BALASHOV, Andrei",Men,URS,1,0,0
Athletics,Athletics,100m,W,"AUERSWALD-LANGE, Ingrid",Women,GDR,1,0,0
Handball,Handball,handball,M,"STINGA, Vasile",Men,ROU,1,0,0
Cycling,Cycling Track,Team Pursuit (4000m),M,"PENC, Martin",Men,TCH,1,0,0
Rowing,Rowing,four-oared shell with coxswain (4-),M,"NOWAK, Grzegorz",Men,POL,1,0,0
Aquatics,Swimming,100m butterfly,W,"KNACKE, Christiane",Women,GDR,1,0,0
Rowing,Rowing,eight with coxswain (8+),M,"TKACHENKO, Aleksandr",Men,URS,1,0,0
Basketball,Basketball,basketball,M,"TKACHENKO, Vladimir",Men,URS,1,0,0
Weightlifting,Weightlifting,"75 - 82.5kg, total (light-heavyweight)",M,"BLAGOEV, Blagoi",Men,BUL,0,1,0
Athletics,Athletics,4x100m relay,W,"BOCHINA, Natalia",Women,URS,0,1,0
Wrestling,Wrestling Gre-R,+ 100kg (super heavyweight),M,"BCHARA, Hassan",Men,LIB,1,0,0
Canoe / Kayak,Canoe / Kayak F,K-1 500m (kayak single),W,"GESHEVA, Vania",Women,BUL,0,1,0
Aquatics,Swimming,100m butterfly,M,"LOPEZ-ZUBERO PURCELL, David",Men,ESP,1,0,0
Volleyball,Volleyball,volleyball,W,"NIKISHINA, Svetlana",Women,URS,0,0,1
Equestrian,Eventing,team,X,"VAZQUEZ, Fabian",Men,MEX,1,0,0
Fencing,Fencing,foil team,M,"SYPNIEWSKI, Marian",Men,POL,1,0,0
Rowing,Rowing,eight with coxswain (8+),M,"PINTSKUS, Ionas",Men,URS,1,0,0
Wrestling,Wrestling Gre-R,48 - 52kg (flyweight),M,"RACZ, Lajos",Men,HUN,0,1,0
Sailing,Sailing,470 - Two Person Dinghy,M,"PENIDO, Eduardo Henrique",Men,BRA,0,0,1
Rowing,Rowing,eight with coxswain (8+),W,"PAZIUN, Maria",Women,URS,0,1,0
Athletics,Athletics,discus throw,W,"SCHLAAK-JAHL, Evelin",Women,GDR,0,0,1
Aquatics,Swimming,4x100m medley relay,W,"KELLY-HOHMANN, Margaret",Women,GBR,0,1,0
Canoe / Kayak,Canoe / Kayak F,K-2 1000m (kayak double),M,"PARFENOVICH, Vladimir",Men,URS,0,0,1
Aquatics,Swimming,200m butterfly,W,"GEISSLER, Ines",Women,GDR,0,0,1
Boxing,Boxing,63.5 - 67kg (welterweight),M,"MUGABI, John",Men,UGA,0,1,0
Fencing,Fencing,foil team,M,"FLAMENT, Didier",Men,FRA,0,0,1
Volleyball,Volleyball,volleyball,W,"PETRUNOVA, Silva",Women,BUL,1,0,0
Aquatics,Diving,3m springboard,M,"GIRON, Carlos",Men,MEX,0,1,0
Volleyball,Volleyball,volleyball,W,"FETZER, Brigitte",Women,GDR,0,1,0
Athletics,Athletics,discus throw,W,"VERGOVA-PETKOVA, Maria",Women,BUL,0,1,0
Gymnastics,Artistic G.,vault,W,"KRÄKER, Steffi",Women,GDR,0,1,0
Volleyball,Volleyball,volleyball,W,"BOZHURINA, Tsvetana",Women,BUL,1,0,0
Boxing,Boxing,48 - 51kg (flyweight),M,"MIROSHNICHENKO, Viktor",Men,URS,0,1,0
Football,Football,football,M,"VACLAVICEK, Rostislav",Men,TCH,0,0,1
Aquatics,Water polo,water polo,M,"KOTENKO, Sergei",Men,URS,0,0,1
Athletics,Athletics,800m,W,"OLIZARENKO, Nadezhda",Women,URS,0,0,1
Cycling,Cycling Track,Team Pursuit (4000m),M,"OSOKIN, Vladimir",Men,URS,0,0,1
Basketball,Basketball,basketball,M,"DERIUGIN, Nikolai",Men,URS,1,0,0
Hockey,Hockey,hockey,M,"ZUMALACARREGUI, Jaime",Men,ESP,0,1,0
Weightlifting,Weightlifting,"67.5 - 75kg, total (middleweight)",M,"ZLATEV, Asen",Men,BUL,0,0,1
Handball,Handball,handball,W,"KITIC-DASIC, Svetlana",Women,YUG,0,1,0
Wrestling,Wrestling Free.,68 - 74kg (welterweight),M,"DAVAAJAV, Jamtsying",Men,MGL,0,1,0
Hockey,Hockey,hockey,M,"ROCA PORTOLES, Carlos",Men,ESP,0,1,0
Basketball,Basketball,basketball,M,"BRUNAMONTI, Roberto",Men,ITA,0,1,0
Athletics,Athletics,5000m,M,"NYAMBUI, Suleiman",Men,TAN,0,1,0
Aquatics,Water polo,water polo,M,"TRIFUNOVIC, Slobodan",Men,YUG,0,1,0
Aquatics,Water polo,water polo,M,"ROJE, Zoran",Men,YUG,0,1,0
Equestrian,Dressage,team,X,"DONESCU, Anghelache",Men,ROU,1,0,0
Basketball,Basketball,basketball,W,"BJEDOV, Mira",Women,YUG,1,0,0
Handball,Handball,handball,W,"BEREZHNAYA-ODINOKOVA, Liubov",Women,URS,0,0,1
Football,Football,football,M,"KUNZO, Frantisek",Men,TCH,0,0,1
Athletics,Athletics,decathlon,M,"ZHELANOV, Sergei",Men,URS,1,0,0
Aquatics,Swimming,100m freestyle,M,"JOHANSSON, Per",Men,SWE,1,0,0
Aquatics,Swimming,100m backstroke,M,"DOLGOV, Vladimir",Men,URS,1,0,0
Fencing,Fencing,sabre team,M,"NEBALD, György",Men,HUN,1,0,0
Equestrian,Jumping,individual,X,"KOROLKOV, Nikolai",Men,URS,0,1,0
Fencing,Fencing,foil team,M,"ZYCH, Boguslaw",Men,POL,1,0,0
Aquatics,Swimming,4x100m medley relay,M,"BROOKS, Neil",Men,AUS,0,0,1
Equestrian,Dressage,team,X,ALEKO,Men,BUL,0,1,0
Gymnastics,Artistic G.,balance beam,W,"DAVYDOVA, Elena",Women,URS,0,1,0
Basketball,Basketball,basketball,W,"TONKOVIC, Marija",Women,YUG,1,0,0
Rowing,Rowing,quadruple sculls with coxswain (4x),W,"REINHARD, Sybille",Women,GDR,0,0,1
Equestrian,Dressage,team,X,DERBIST,Men,ROU,1,0,0
Aquatics,Swimming,4x100m medley relay,M,"EVANS, Peter",Men,AUS,0,0,1
Equestrian,Dressage,individual,X,"THEURER-MAX, Elisabeth",Women,AUT,0,0,1
Equestrian,Dressage,team,X,IGROK,Men,URS,0,0,1
Gymnastics,Artistic G.,individual all-round,W,"DAVYDOVA, Elena",Women,URS,0,0,1
Equestrian,Eventing,individual,X,PINTSET,Men,URS,1,0,0
Equestrian,Dressage,team,X,"IVANOV, Svetoslav",Men,BUL,0,1,0
Judo,Judo,- 60 kg,M,"RODRIGUEZ, Jose",Men,CUB,0,1,0
Wrestling,Wrestling Gre-R,62 - 68kg (lightweight),M,"RUSU, Stefan",Men,ROU,0,0,1
Gymnastics,Artistic G.,team competition,W,"GRIGORAS, Cristina Elena",Women,ROU,0,1,0
Gymnastics,Artistic G.,team competition,W,"FILATOVA, Maria",Women,URS,0,0,1
Basketball,Basketball,basketball,W,"BESSELENE, Vida",Women,URS,0,0,1
Wrestling,Wrestling Free.,68 - 74kg (welterweight),M,"RAICHEV, Valentin",Men,BUL,0,0,1
Cycling,Cycling Road,team time trial,M,"KLASA, Michal",Men,TCH,1,0,0
Sailing,Sailing,470 - Two Person Dinghy,M,"BOROWSKI, Jörn",Men,GDR,0,1,0
Athletics,Athletics,hammer throw,M,"LITVINOV, Sergei",Men,URS,0,1,0
Rowing,Rowing,quadruple sculls with coxswain (4x),W,"MATIEVSKAIA, Elena",Women,URS,0,1,0
Rowing,Rowing,four-oared shell with coxswain (4-),M,"DIESSNER, Ullrich",Men,GDR,0,0,1
Basketball,Basketball,basketball,W,"SHUVAEVA-OLKHOVA, Nadezhda",Women,URS,0,0,1
Gymnastics,Artistic G.,uneven bars,W,"EBERLE, Emilia",Women,ROU,0,1,0
Hockey,Hockey,hockey,W,"LAHODOVA, Jana",Women,TCH,0,1,0
Hockey,Hockey,hockey,W,"EMBAKHTOVA, Tatiana",Women,URS,1,0,0
Basketball,Basketball,basketball,W,"RADKOVA, Kostadinka",Women,BUL,0,1,0
Athletics,Athletics,100m,W,"KONDRATIEVA, Liudmila",Women,URS,0,0,1
Football,Football,football,M,"HOUSE, Lothar",Men,GDR,0,1,0
Canoe / Kayak,Canoe / Kayak F,K-4 1000m (kayak four),M,"BORISOV, Borislav",Men,BUL,1,0,0
Aquatics,Water polo,water polo,M,"MSCHVENIERADZE, Georgi",Men,URS,0,0,1
Rowing,Rowing,double sculls (2x),W,"ROSCA-RASILA, Valeria",Women,ROU,1,0,0
Equestrian,Jumping,team,X,"GOMEZ PORTUGAL, Jesus",Men,MEX,1,0,0
Gymnastics,Artistic G.,team competition,W,"COMANECI, Nadia",Women,ROU,0,1,0
Equestrian,Eventing,team,X,"BARCENA RIOS, David",Men,MEX,1,0,0
Rowing,Rowing,eight with coxswain (8+),M,"CLAY, Henry",Men,GBR,0,1,0
Equestrian,Jumping,individual,X,ESPADRON,Men,URS,0,1,0
Rowing,Rowing,double sculls (2x),W,"WESTPHAL, Heidi",Women,GDR,0,1,0
Aquatics,Diving,10m platform,W,"TSOTADZE, Liana",Women,URS,1,0,0
Rowing,Rowing,quadruple sculls without coxswain (4x),M,"KLESHNEV, Valeri",Men,URS,0,1,0
Shooting,Shooting,50m rifle 3 positions (3x40 shots),X,"HARTSTEIN, Bernd",Men,GDR,0,1,0
Volleyball,Volleyball,volleyball,M,"ILIEV, Khristo",Men,BUL,0,1,0
Hockey,Hockey,hockey,W,"GLUBOKOVA, Lidia",Women,URS,1,0,0
Boxing,Boxing,71-75kg,M,"SILAGHI, Valentin",Men,ROU,1,0,0
Volleyball,Volleyball,volleyball,W,"ROFFEIS, Karla",Women,GDR,0,1,0
Wrestling,Wrestling Gre-R,74 - 82kg (middleweight),M,"KORBAN, Gennadi",Men,URS,0,0,1
Equestrian,Eventing,individual,X,"BLINOV, Aleksandr",Men,URS,0,1,0
Handball,Handball,handball,M,"VASILACHE, Lucian",Men,ROU,1,0,0
Hockey,Hockey,hockey,M,"COGHEN, Juan Luis",Men,ESP,0,1,0
Wrestling,Wrestling Free.,48 - 52kg (flyweight),M,"STECYK, Wladyslaw",Men,POL,0,1,0
Aquatics,Swimming,4x100m freestyle relay,W,"ERIKSSON, Agneta",Women,SWE,0,1,0
Rowing,Rowing,eight with coxswain (8+),W,"UMANETS, Nina",Women,URS,0,1,0
Shooting,Shooting,50m running target (30+30 shots),X,"PFEFFER, Thomas",Men,GDR,0,1,0
Gymnastics,Artistic G.,team competition,W,"HINDORFF, Silvia",Women,GDR,1,0,0
Hockey,Hockey,hockey,W,"VIUZHANINA, Galina",Women,URS,1,0,0
Handball,Handball,handball,M,"GERLACH, Ernst",Men,GDR,0,0,1
Rowing,Rowing,double sculls (2x),M,"PECKA, Zdenek",Men,TCH,1,0,0
Aquatics,Diving,3m springboard,M,"PORTNOV, Aleksandr",Men,URS,0,0,1
Rowing,Rowing,eight with coxswain (8+),W,"PREOBRAZHENSKAIA, Nina",Women,URS,0,1,0
Gymnastics,Artistic G.,team competition,W,"KIM, Nelli",Women,URS,0,0,1
Fencing,Fencing,foil team,M,"RUZIEV, Sabirzhan",Men,URS,0,1,0
Aquatics,Swimming,200m breaststroke,W,"KACHUSHITE, Lina",Women,URS,0,0,1
Wrestling,Wrestling Gre-R,57 - 62kg (featherweight),M,"MIGIAKIS, Stilianos",Men,GRE,0,0,1
Canoe / Kayak,Canoe / Kayak F,K-2 1000m (kayak double),M,"CHUKHRAI, Sergei",Men,URS,0,0,1
Aquatics,Swimming,200m butterfly,M,"FESENKO, Sergei",Men,URS,0,0,1
Boxing,Boxing,48 - 51kg (flyweight),M,"LESOV, Petr",Men,BUL,0,0,1
Athletics,Athletics,pentathlon,W,"KURAGINA, Olga",Women,URS,1,0,0
Archery,Archery,individual FITA round,W,"LOSABERIDZE, Keto",Women,URS,0,0,1
Wrestling,Wrestling Gre-R,90 - 100kg (heavyweight),M,"RAIKOV, Georgi",Men,BUL,0,0,1
Boxing,Boxing,54 - 57kg (featherweight),M,"HORTA, Adolfo",Men,CUB,0,1,0
Athletics,Athletics,4x100m relay,M,"PANZO, Herman",Men,FRA,1,0,0
Aquatics,Water polo,water polo,M,"MOLNAR, Endre",Men,HUN,1,0,0
Cycling,Cycling Track,1km time trial,M,"THOMS, Lothar",Men,GDR,0,0,1
Rowing,Rowing,double sculls (2x),W,"HOMEGHI-BULARDA, Olga",Women,ROU,1,0,0
Football,Football,football,M,"CHIVADZE, Aleksandr",Men,URS,1,0,0
Basketball,Basketball,basketball,W,"OZEGOVIC, Sanja",Women,YUG,1,0,0
Aquatics,Swimming,200m butterfly,M,"HUBBLE, Philip",Men,GBR,0,1,0
Hockey,Hockey,hockey,M,"AZIZOV, Minneula",Men,URS,1,0,0
Aquatics,Swimming,400m individual medley,W,"SCHNEIDER, Petra",Women,GDR,0,0,1
Rowing,Rowing,four-oared shell with coxswain (4-),M,"STADNIUK, Ryszard",Men,POL,1,0,0
Hockey,Hockey,hockey,M,"DEAVINDER, Singh",Men,IND,0,0,1
Rowing,Rowing,quadruple sculls without coxswain (4x),M,"WINTER, Martin",Men,GDR,0,0,1
Boxing,Boxing,75 - 81kg (light-heavyweight),M,"BAUCH, Herbert",Men,GDR,1,0,0
Aquatics,Swimming,100m backstroke,W,"REINISCH, Rica",Women,GDR,0,0,1
Hockey,Hockey,hockey,M,"BELIAKOV, Valeri",Men,URS,1,0,0
Athletics,Athletics,400m,W,"KRATOHVILOVA, Jarmila",Women,TCH,0,1,0
Sailing,Sailing,fleet/match race keelboat open (Soling),X,"BUDNIKOV, Boris",Men,URS,0,1,0
Aquatics,Swimming,4x100m medley relay,M,"KOPLYAKOV, Sergei",Men,URS,0,1,0
Fencing,Fencing,foil team,W,"STEFANEK, Gertrud",Women,HUN,1,0,0
Canoe / Kayak,Canoe / Kayak F,C-2 500m (canoe double),M,"FOLTAN, Laszlo",Men,HUN,0,0,1
Modern Pentathlon,Modern Pentath.,Individual competition,M,"STAROSTIN, Anatoli",Men,URS,0,0,1
Wrestling,Wrestling Free.,52 - 57kg (bantamweight),M,"LI, Ho Pyong",Men,PRK,0,1,0
Wrestling,Wrestling Free.,48 - 52kg (flyweight),M,"BELOGLAZOV, Anatoli",Men,URS,0,0,1
Gymnastics,Artistic G.,parallel bars,M,"DITYATIN, Aleksandr",Men,URS,0,1,0
Equestrian,Dressage,team,X,SCHIBOR,Men,BUL,0,1,0
Cycling,Cycling Road,individual road race,M,"SUKHORUCHENKOV, Sergei",Men,URS,0,0,1
Canoe / Kayak,Canoe / Kayak F,K-2 500m (kayak double),W,"KREFT-ALEKSEEVA, Galina",Women,URS,0,1,0
Volleyball,Volleyball,volleyball,M,"SELIVANOV, Pavel",Men,URS,0,0,1
Handball,Handball,handball,W,"DRLJACA, Radmila",Women,YUG,0,1,0
Basketball,Basketball,basketball,W,"MIKHAILOVA, Angelina",Women,BUL,0,1,0
Gymnastics,Artistic G.,team competition,W,"EBERLE, Emilia",Women,ROU,0,1,0
Athletics,Athletics,4x100m relay,W,"AUERSWALD-LANGE, Ingrid",Women,GDR,0,0,1
Rowing,Rowing,four-oared shell with coxswain (4-),W,"GUROVA, Ginka",Women,BUL,0,1,0
Fencing,Fencing,foil team,M,"LAPITSKI, Vladimir",Men,URS,0,1,0
Sailing,Sailing,flying dutchman,X,"NOGUER CASTELLVI, Miguel",Men,ESP,0,0,1
Judo,Judo,60 - 65kg (half-lightweight),M,"SOLODUKHIN, Nikolai",Men,URS,0,0,1
Aquatics,Swimming,800m freestyle,W,"FORD, Michelle",Women,AUS,0,0,1
Gymnastics,Artistic G.,team competition,W,"SÜSS, Birgit",Women,GDR,1,0,0
Rowing,Rowing,quadruple sculls without coxswain (4x),M,"BUNK, Karsten",Men,GDR,0,0,1
Boxing,Boxing,71-75kg,M,"RYBICKI, Jerzy",Men,POL,1,0,0
Canoe / Kayak,Canoe / Kayak F,C-2 1000m (canoe double),M,"MADEJA, Uwe",Men,GDR,0,1,0
Gymnastics,Artistic G.,rings,M,"TABAK, Jiri",Men,TCH,1,0,0
Rowing,Rowing,quadruple sculls with coxswain (4x),W,"SERBEZOVA, Mariana",Women,BUL,1,0,0
Rowing,Rowing,pair-oared shell with coxswain (2+),M,"MRDULJAS, Dusko",Men,YUG,1,0,0
Handball,Handball,handball,M,"WIEGERT, Ingolf",Men,GDR,0,0,1
Aquatics,Swimming,4x200m freestyle relay,M,"KOPLYAKOV, Sergei",Men,URS,0,0,1
Athletics,Athletics,javelin throw,W,"HOMMOLA, Ute",Women,GDR,1,0,0
Equestrian,Eventing,team,X,"BLINOV, Aleksandr",Men,URS,0,0,1
Athletics,Athletics,4x400m relay,M,"MENNEA, Pietro",Men,ITA,1,0,0
Football,Football,football,M,"KUHN, Dieter",Men,GDR,0,1,0
Athletics,Athletics,pole vault,M,"SLUSARSKI, Tadeusz",Men,POL,0,1,0
Athletics,Athletics,4x400m relay,M,"THIELE, Klaus",Men,GDR,0,1,0
Hockey,Hockey,hockey,W,"SRANKOVA, Iveta",Women,TCH,0,1,0
Basketball,Basketball,basketball,W,"DJURASKOVIC, Vera",Women,YUG,1,0,0
Equestrian,Eventing,team,X,PINTSET,Men,URS,0,0,1
Gymnastics,Artistic G.,horizontal bar,M,"DITYATIN, Aleksandr",Men,URS,0,1,0
Athletics,Athletics,800m,M,"OVETT, Steve",Men,GBR,0,0,1
Aquatics,Swimming,100m freestyle,M,"WOITHE, Jörg",Men,GDR,0,0,1
Athletics,Athletics,discus throw,M,"DELIS, Luis",Men,CUB,1,0,0
Hockey,Hockey,hockey,M,"GUSEV, Aleksandr",Men,URS,1,0,0
Rowing,Rowing,pair without coxswain (2-),W,"KOSCIANSKA, Czeslawa",Women,POL,0,1,0
Canoe / Kayak,Canoe / Kayak F,K-2 500m (kayak double),W,"GENÄUSS, Carsta",Women,GDR,0,0,1
Boxing,Boxing,60 - 63.5kg (light-welterweight),M,"OLIVA, Patrizio",Men,ITA,0,0,1
Cycling,Cycling Track,Team Pursuit (4000m),M,"UNTERWALDER, Uwe",Men,GDR,0,1,0
Basketball,Basketball,basketball,M,"MARZORATI, Pierluigi",Men,ITA,0,1,0
Aquatics,Swimming,1500m freestyle,M,"SALNIKOV, Vladimir",Men,URS,0,0,1
Shooting,Shooting,50m rifle prone (60 shots),X,"ZAPRIANOV, Petar",Men,BUL,1,0,0
Aquatics,Swimming,800m freestyle,W,"DIERS, Ines",Women,GDR,0,1,0
Hockey,Hockey,hockey,W,"HUBACKOVA, Ida",Women,TCH,0,1,0
Football,Football,football,M,"TRIELOFF, Norbert",Men,GDR,0,1,0
Sailing,Sailing,flying dutchman,X,"DETRE, Szabolcs",Men,HUN,1,0,0
Aquatics,Swimming,4x100m medley relay,W,"OSGERBY, Ann",Women,GBR,0,1,0
Gymnastics,Artistic G.,team competition,M,"TKACHEV, Aleksandr",Men,URS,0,0,1
Athletics,Athletics,long jump,W,"WUJAK, Brigitte",Women,GDR,0,1,0
Hockey,Hockey,hockey,W,"PHILLIPS, Brenda Joan",Women,ZIM,0,0,1
Athletics,Athletics,4x400m relay,W,"PROROCHENKO, Tatiana",Women,URS,0,0,1
Equestrian,Eventing,team,X,"ROGOZHIN, Sergei",Men,URS,0,0,1
Weightlifting,Weightlifting,"- 52kg, total (flyweight)",M,"HO, Bong Chol",Men,PRK,0,1,0
Rowing,Rowing,single sculls (1x),W,"DUMCHEVA, Antonina",Women,URS,0,1,0
Hockey,Hockey,hockey,M,"SYLVANUS, Dung Dung",Men,IND,0,0,1
Wrestling,Wrestling Free.,57 - 62kg (featherweight),M,"HADJIIOANNIDIS, Georgios",Men,GRE,1,0,0
Cycling,Cycling Track,Team Pursuit (4000m),M,"MOVCHAN, Valeri",Men,URS,0,0,1
Basketball,Basketball,basketball,W,"SEMENOVA, Iuliana",Women,URS,0,0,1
Fencing,Fencing,épée team,M,"CHRONOWSKI, Ludomir",Men,POL,0,1,0
Basketball,Basketball,basketball,M,"SACCHETTI, Romeo",Men,ITA,0,1,0
Fencing,Fencing,foil team,W,"LATRILLE-GAUDIN, Brigitte",Women,FRA,0,0,1
Boxing,Boxing,51 - 54kg (bantamweight),M,"ANTHONY, Michael",Men,GUY,1,0,0
Volleyball,Volleyball,volleyball,W,"BADULINA, Svetlana",Women,URS,0,0,1
Handball,Handball,handball,W,"SAVIC, Rada",Women,YUG,0,1,0
Rowing,Rowing,coxless pair (2-),M,"PIMENOV, Yuri",Men,URS,0,1,0
Modern Pentathlon,Modern Pentath.,Team competition,M,"HORVATH, Laszlo",Men,HUN,0,1,0
Athletics,Athletics,shot put,W,"KRACHEVSKAIA, Svetlana",Women,URS,0,1,0
Equestrian,Dressage,team,X,"MANDADZHIEV, Petr",Men,BUL,0,1,0
Athletics,Athletics,200m,M,"WELLS, Allan",Men,GBR,0,1,0
Equestrian,Jumping,individual,X,"KOWALCZYK, Jan",Men,POL,0,0,1
Canoe / Kayak,Canoe / Kayak F,C-2 1000m (canoe double),M,"SIMIONOV, Toma",Men,ROU,0,0,1
Rowing,Rowing,four without coxswain (4-),M,"ELISEEV, Vitali",Men,URS,0,1,0
Handball,Handball,handball,M,"KIDYAEV, Yuri",Men,URS,0,1,0
Athletics,Athletics,4x400m relay,M,"LINGE, Mikhail",Men,URS,0,0,1
Modern Pentathlon,Modern Pentath.,Individual competition,M,"LEDNEV, Pavel",Men,URS,1,0,0
Shooting,Shooting,skeet (125 targets),X,"CARLSSON, Lars-Göran",Men,SWE,0,1,0
Aquatics,Swimming,4x200m freestyle relay,M,"STROHBACH, Rainer",Men,GDR,0,1,0
Gymnastics,Artistic G.,team competition,M,"ANDRIANOV, Nikolay",Men,URS,0,0,1
Judo,Judo,86 - 95kg (half-heavyweight),M,"LORENZ, Dietmar",Men,GDR,1,0,0
Equestrian,Jumping,team,X,"ASMAEV, Viktor",Men,URS,0,0,1
Canoe / Kayak,Canoe / Kayak F,K-1 1000m (kayak single),M,"LEBAS, Alain",Men,FRA,0,1,0
Wrestling,Wrestling Free.,52 - 57kg (bantamweight),M,"BELOGLAZOV, Sergei",Men,URS,0,0,1
Athletics,Athletics,4x400m relay,W,"GOISHCHIK, Tatiana",Women,URS,0,0,1
Athletics,Athletics,4x400m relay,W,"PROBERT-SCUTT, Michelle",Women,GBR,1,0,0
Fencing,Fencing,épée team,M,"LUKOMSKY, Boris",Men,URS,1,0,0
Athletics,Athletics,high jump,W,"SIMEONI, Sara",Women,ITA,0,0,1
Gymnastics,Artistic G.,uneven bars,W,"GNAUCK, Maxi",Women,GDR,0,0,1
Hockey,Hockey,hockey,M,"PAVLOVSKI, Leonid",Men,URS,1,0,0
Fencing,Fencing,foil individual,M,"ROMANKOV, Aleksander",Men,URS,1,0,0
Handball,Handball,handball,W,"UHLIG, Petra",Women,GDR,1,0,0
Handball,Handball,handball,W,"MILOSEVIC, Vesna",Women,YUG,0,1,0
Hockey,Hockey,hockey,M,"MOHAMMAD, Shahid",Men,IND,0,0,1
Fencing,Fencing,épée team,M,"STRZALKA, Mariusz",Men,POL,0,1,0
Gymnastics,Artistic G.,team competition,M,"DONATH, Ferenc",Men,HUN,1,0,0
Wrestling,Wrestling Gre-R,68 - 74kg (welterweight),M,"KOCSIS, Ferenc",Men,HUN,0,0,1
Handball,Handball,handball,W,"CHESAITITE-NENENENE, Aldona",Women,URS,0,0,1
Hockey,Hockey,hockey,M,"LAMPEEV, Viacheslav",Men,URS,1,0,0
Canoe / Kayak,Canoe / Kayak F,K-4 1000m (kayak four),M,"MILENKOV, Bojiar",Men,BUL,1,0,0
Aquatics,Swimming,400m freestyle,M,"SALNIKOV, Vladimir",Men,URS,0,0,1
Aquatics,Swimming,200m backstroke,M,"VERRASZTO, Zoltan",Men,HUN,0,1,0
Athletics,Athletics,3000m steeplechase,M,"TURA, Eshetu",Men,ETH,1,0,0
Volleyball,Volleyball,volleyball,W,"KOZYREVA, Liubov",Women,URS,0,0,1
Wrestling,Wrestling Gre-R,- 48kg (light-flyweight),M,"ALEXANDRU, Constantin",Men,ROU,0,1,0
Hockey,Hockey,hockey,M,"CHETTRI, Chettri",Men,IND,0,0,1
Hockey,Hockey,hockey,W,"KRIZOVA, Jirina",Women,TCH,0,1,0
Gymnastics,Artistic G.,team competition,M,"KELEMEN, Zoltan",Men,HUN,1,0,0
Hockey,Hockey,hockey,W,"HRUBA, Berta",Women,TCH,0,1,0
Fencing,Fencing,foil individual,W,"TRINQUET-HACHIN, Pascale",Women,FRA,0,0,1
Sailing,Sailing,fleet/match race keelboat open (Soling),X,"HANSEN, Erik Hermann",Men,DEN,0,0,1
Football,Football,football,M,"ROTT, Oldrich",Men,TCH,0,0,1
Equestrian,Jumping,team,X,GEPATIT,Men,URS,0,0,1
Cycling,Cycling Track,Team Pursuit (4000m),M,"MORTAG, Gerald",Men,GDR,0,1,0
Fencing,Fencing,foil team,W,"GILIAZOVA, Nailia",Women,URS,0,1,0
Boxing,Boxing,51 - 54kg (bantamweight),M,"HERNANDEZ, Juan",Men,CUB,0,0,1
Basketball,Basketball,basketball,W,"METODIEVA, Penka",Women,BUL,0,1,0
Fencing,Fencing,foil team,M,"SMIRNOV, Vladimir",Men,URS,0,1,0
Judo,Judo,71 - 78kg (half-middleweight),M,"TCHOULLOUYAN, Bernard",Men,FRA,1,0,0
Fencing,Fencing,épée individual,M,"RIBOUD, Philippe",Men,FRA,1,0,0
Gymnastics,Artistic G.,individual all-round,M,"DELTCHEV, Stoyan",Men,BUL,1,0,0
Fencing,Fencing,sabre team,M,"GEREVICH, Pal",Men,HUN,1,0,0
Canoe / Kayak,Canoe / Kayak F,K-2 1000m (kayak double),M,"MENENDEZ RODRIGUEZ, Herminio",Men,ESP,1,0,0
Judo,Judo,+ 95kg (heavyweight),M,"KOCMAN, Vladimir",Men,TCH,1,0,0
Boxing,Boxing,75 - 81kg (light-heavyweight),M,"SKRZECZ, Pawel",Men,POL,0,1,0
Hockey,Hockey,hockey,M,"AMARJIT RANA, Singh",Men,IND,0,0,1
Aquatics,Diving,3m springboard,M,"CAGNOTTO, Giorgio Franco",Men,ITA,1,0,0
Athletics,Athletics,4x100m relay,M,"AKSININ, Aleksandr",Men,URS,0,0,1
Handball,Handball,handball,W,"ZUBAREVA, Olga",Women,URS,0,0,1
Athletics,Athletics,20km walk,M,"POCHINCHUK, Piotr",Men,URS,0,1,0
Athletics,Athletics,4x400m relay,M,"KNEBEL, Andreas",Men,GDR,0,1,0
Boxing,Boxing,54 - 57kg (featherweight),M,"FINK, Rudi",Men,GDR,0,0,1
Rowing,Rowing,double sculls (2x),W,"KHLOPTSEVA, Elena",Women,URS,0,0,1
Volleyball,Volleyball,volleyball,W,"GOGOVA, Tania",Women,BUL,1,0,0
Gymnastics,Artistic G.,team competition,M,"MAGYAR, Zoltan",Men,HUN,1,0,0
Canoe / Kayak,Canoe / Kayak F,K-1 1000m (kayak single),M,"HELM, Rüdiger",Men,GDR,0,0,1
Hockey,Hockey,hockey,M,"SYCHEV, Aleksandr",Men,URS,1,0,0
Handball,Handball,handball,M,"JAUNICH, Hans-Georg",Men,GDR,0,0,1
Archery,Archery,individual FITA round,W,"MERILUOTO-AALTONEN, Paivi",Women,FIN,1,0,0
Basketball,Basketball,basketball,W,"OVECHKINA, Tatiana",Women,URS,0,0,1
Sailing,Sailing,two-person keelboat open (Star),X,"MANKIN, Valentyn",Men,URS,0,0,1
Aquatics,Water polo,water polo,M,"UDVARDI, Istvan",Men,HUN,1,0,0
Weightlifting,Weightlifting,"56 - 60kg, total (featherweight)",M,"SEWERYN, Marek",Men,POL,1,0,0
Fencing,Fencing,sabre individual,M,"KROVOPUSKOV, Viktor",Men,URS,0,0,1
Aquatics,Water polo,water polo,M,"HORKAI, Gyorgy",Men,HUN,1,0,0
Weightlifting,Weightlifting,"100 - 110kg, total (heavyweight)",M,"SZALAI, György",Men,HUN,1,0,0
Aquatics,Swimming,200m butterfly,W,"FORD, Michelle",Women,AUS,1,0,0
Athletics,Athletics,5000m,M,"YIFTER, Miruts",Men,ETH,0,0,1
Athletics,Athletics,800m,W,"PROVIDOKHINA, Tatiana",Women,URS,1,0,0
Football,Football,football,M,"BALTACHA, Sergei",Men,URS,1,0,0
Gymnastics,Artistic G.,team competition,M,"BRONST, Andreas",Men,GDR,0,1,0
Judo,Judo,86 - 95kg (half-heavyweight),M,"KHUBULURI, Tengiz",Men,URS,0,1,0
Canoe / Kayak,Canoe / Kayak F,K-2 1000m (kayak double),M,"SZABO, Istvan",Men,HUN,0,1,0
Volleyball,Volleyball,volleyball,M,"SIMEONOV, Kaspar",Men,BUL,0,1,0
Handball,Handball,handball,W,"RADOVIC, Vesna",Women,YUG,0,1,0
Athletics,Athletics,javelin throw,W,"COLON, Maria",Women,CUB,0,0,1
Handball,Handball,handball,M,"KRUGER, Hartmut",Men,GDR,0,0,1
Aquatics,Swimming,100m freestyle,W,"KRAUSE, Barbara",Women,GDR,0,0,1
Basketball,Basketball,basketball,M,"MENEGHIN, Dino",Men,ITA,0,1,0
Handball,Handball,handball,M,"VOIGT, Siegfried",Men,GDR,0,0,1
Athletics,Athletics,marathon,M,"NIJBOER, Gerard",Men,NED,0,1,0
Gymnastics,Artistic G.,team competition,W,"TURNER, Dumitrita",Women,ROU,0,1,0
Volleyball,Volleyball,volleyball,W,"STANCHEVA, Galina",Women,BUL,1,0,0
Rowing,Rowing,eight with coxswain (8+),W,"BONDAR, Elena",Women,ROU,1,0,0
Rowing,Rowing,four-oared shell with coxswain (4-),W,"KAPHEIM, Ramona",Women,GDR,0,0,1
Wrestling,Wrestling Free.,74 - 82kg (middleweight),M,"KOVACS, Istvan",Men,HUN,1,0,0
Aquatics,Swimming,4x100m freestyle relay,W,"MÄRTENSSON, Agneta",Women,SWE,0,1,0
Boxing,Boxing,- 48kg (light-flyweight),M,"SABIROV, Shamil",Men,URS,0,0,1
Basketball,Basketball,basketball,W,"RUPSHENE, Angelia",Women,URS,0,0,1
Fencing,Fencing,épée team,M,"LIS, Andrzej",Men,POL,0,1,0
Handball,Handball,handball,M,"ZHUK, Aleksei",Men,URS,0,1,0
Football,Football,football,M,"PETER, Werner",Men,GDR,0,1,0
Athletics,Athletics,4x400m relay,W,"HOYTE-SMITH, Joslyn",Women,GBR,1,0,0
Handball,Handball,handball,W,"KUNISCH, Kornelia",Women,GDR,1,0,0
Wrestling,Wrestling Gre-R,- 48kg (light-flyweight),M,"USHKEMPIROV, Zhaksylyk",Men,URS,0,0,1
Athletics,Athletics,4x100m relay,M,"DUNECKI, Leszek",Men,POL,0,1,0
Canoe / Kayak,Canoe / Kayak F,K-1 500m (kayak single),W,"MELNIKOVA, Antonina",Women,URS,1,0,0
Aquatics,Swimming,4x200m freestyle relay,M,"SALNIKOV, Vladimir",Men,URS,0,0,1
Handball,Handball,handball,W,"VISNJIC, Biserka",Women,YUG,0,1,0
Rowing,Rowing,pair-oared shell with coxswain (2+),M,"REIC, Josip",Men,YUG,1,0,0
Rowing,Rowing,single sculls (1x),M,"YAKUSHA, Vasili",Men,URS,0,1,0
Boxing,Boxing,- 48kg (light-flyweight),M,"RAMOS, Hipolito",Men,CUB,0,1,0
Cycling,Cycling Road,team time trial,M,"KOSTADINOV, Alipi",Men,TCH,1,0,0
Cycling,Cycling Track,Team Pursuit (4000m),M,"SLAMA, Igor",Men,TCH,1,0,0
Fencing,Fencing,épée team,M,"KARAGIAN, Ashot",Men,URS,1,0,0
Aquatics,Swimming,200m backstroke,W,"POLIT, Cornelia",Women,GDR,0,1,0
Judo,Judo,65 - 71kg (lightweight),M,"LEHMANN, Karl-Heinz",Men,GDR,1,0,0
Hockey,Hockey,hockey,W,"GRANT, Ann Marry Gwynne",Women,ZIM,0,0,1
Rowing,Rowing,quadruple sculls with coxswain (4x),W,"NAKOVA, Dolores",Women,BUL,1,0,0
Shooting,Shooting,50m rifle prone (60 shots),X,"HEILFORT, Hellfried",Men,GDR,0,1,0
Fencing,Fencing,épée team,M,"MOZHAEV, Aleksandr",Men,URS,1,0,0
Rowing,Rowing,eight with coxswain (8+),M,"KOPPE, Hans-Peter",Men,GDR,0,0,1
Aquatics,Swimming,4x200m freestyle relay,M,"MATTIOLI, Marcus Laborne",Men,BRA,1,0,0
Gymnastics,Artistic G.,floor exercises,M,"ANDRIANOV, Nikolay",Men,URS,0,1,0
Hockey,Hockey,hockey,M,"ARBOS SERRA, Jaime",Men,ESP,0,1,0
Athletics,Athletics,4x400m relay,W,"MACGREGOR, Janine",Women,GBR,1,0,0
Rowing,Rowing,eight with coxswain (8+),W,"WILKE, Marina",Women,GDR,0,0,1
Judo,Judo,- 60 kg,M,"KINCSES, Tibor",Men,HUN,1,0,0
Volleyball,Volleyball,volleyball,W,"KAICHEVA, Rumiana",Women,BUL,1,0,0
Equestrian,Jumping,team,X,ESPADRON,Men,URS,0,0,1
Athletics,Athletics,50km walk,M,"GAUDER, Hartwig",Men,GDR,0,0,1
Football,Football,football,M,"NETOLICHKA, Jaroslav",Men,TCH,0,0,1
Aquatics,Swimming,4x100m medley relay,W,"VASILKOVA, Elvira",Women,URS,1,0,0
Aquatics,Swimming,200m breaststroke,W,"VARGANOVA, Svetlana",Women,URS,0,1,0
Canoe / Kayak,Canoe / Kayak F,C-2 500m (canoe double),M,"ILKOV, Nikolai",Men,BUL,1,0,0
Equestrian,Jumping,team,X,TOPKI,Men,URS,0,0,1
Aquatics,Water polo,water polo,M,"SHAGAEV, Erkin",Men,URS,0,0,1
Fencing,Fencing,foil team,W,"TSAGARAEVA, Larisa",Women,URS,0,1,0
Aquatics,Swimming,4x200m freestyle relay,M,"DELGADO, Ciro Marques",Men,BRA,1,0,0
Rowing,Rowing,eight with coxswain (8+),M,"PRITCHARD, John",Men,GBR,0,1,0
Hockey,Hockey,hockey,M,"CHAVES, Miguel",Men,ESP,0,1,0
Canoe / Kayak,Canoe / Kayak F,K-2 1000m (kayak double),M,"JOOS, Istvan",Men,HUN,0,1,0
Judo,Judo,+ 95kg (heavyweight),M,"ZAPRIANOV, Dimitar",Men,BUL,0,1,0
Athletics,Athletics,200m,M,"MENNEA, Pietro",Men,ITA,0,0,1
Weightlifting,Weightlifting,"60 - 67.5kg, total (lightweight)",M,"RUSEV, Yanko",Men,BUL,0,0,1
Volleyball,Volleyball,volleyball,W,"SOLOVOVA, Olga",Women,URS,0,0,1
Athletics,Athletics,1500m,W,"OLIZARENKO, Nadezhda",Women,URS,1,0,0
Weightlifting,Weightlifting,"- 52kg, total (flyweight)",M,"HAN, Gyong Si",Men,PRK,1,0,0
Handball,Handball,handball,W,"ILES, Katica",Women,YUG,0,1,0
Athletics,Athletics,100m,M,"WELLS, Allan",Men,GBR,0,0,1
Gymnastics,Artistic G.,uneven bars,W,"KRÄKER, Steffi",Women,GDR,1,0,0
Aquatics,Swimming,4x100m freestyle relay,W,"HÜLSENBECK, Sarina",Women,GDR,0,0,1
Athletics,Athletics,200m,W,"BOCHINA, Natalia",Women,URS,0,1,0
Athletics,Athletics,shot put,W,"SCHOKNECHT-SLUPIANEK, Ilona",Women,GDR,0,0,1
Rowing,Rowing,quadruple sculls without coxswain (4x),M,"BARBAKOV, Evgeni",Men,URS,0,1,0
Aquatics,Swimming,100m butterfly,W,"METSCHUCK, Caren",Women,GDR,0,0,1
Equestrian,Dressage,individual,X,"KOVSHOV, Yuri",Men,URS,0,1,0
Rowing,Rowing,eight with coxswain (8+),W,"RICHTER, Ilona",Women,GDR,0,0,1
Athletics,Athletics,4x100m relay,M,"RICHARD, Antoine",Men,FRA,1,0,0
Modern Pentathlon,Modern Pentath.,Team competition,M,"RASMUSON, Svante",Men,SWE,1,0,0
Rowing,Rowing,pair-oared shell with coxswain (2+),M,"SPOHR, Georg",Men,GDR,0,0,1
Handball,Handball,handball,M,"BEYER, Hans-Georg",Men,GDR,0,0,1
Wrestling,Wrestling Free.,57 - 62kg (featherweight),M,"ABUSHEV, Magomedgasan",Men,URS,0,0,1
Boxing,Boxing,63.5 - 67kg (welterweight),M,"KRÜGER, Karl-Heinz",Men,GDR,1,0,0
Wrestling,Wrestling Free.,+ 100kg (super heavyweight),M,"ANDIEV, Soslan",Men,URS,0,0,1
Athletics,Athletics,400m,M,"MITCHELL, Richard",Men,AUS,0,1,0
Boxing,Boxing,75 - 81kg (light-heavyweight),M,"KACAR, Slobodan",Men,YUG,0,0,1
Basketball,Basketball,basketball,W,"DERMENDJIEVA, Vania",Women,BUL,0,1,0
Cycling,Cycling Track,1km time trial,M,"PANFILOV, Aleksandr",Men,URS,0,1,0
Football,Football,football,M,"POKLUDA, Lubos",Men,TCH,0,0,1
Fencing,Fencing,sabre team,M,"SIDYAK, Viktor",Men,URS,0,0,1
Canoe / Kayak,Canoe / Kayak F,K-2 500m (kayak double),W,"ZAKARIAS, Maria",Women,HUN,1,0,0
Athletics,Athletics,discus throw,W,"LESOVAIA, Tatiana",Women,URS,1,0,0
Handball,Handball,handball,M,"DOERING, Lothar",Men,GDR,0,0,1
Basketball,Basketball,basketball,M,"BELOV, Sergei",Men,URS,1,0,0
Hockey,Hockey,hockey,M,"AMAT FONTANALS, Juan",Men,ESP,0,1,0
Aquatics,Swimming,100m breaststroke,W,"GEWENIGER, Ute",Women,GDR,0,0,1
Fencing,Fencing,sabre team,M,"GEDOVARI, Imre",Men,HUN,1,0,0
Canoe / Kayak,Canoe / Kayak F,K-2 500m (kayak double),M,"CHUKHRAI, Sergei",Men,URS,0,0,1
Aquatics,Swimming,100m butterfly,M,"ARVIDSSON, Pär",Men,SWE,0,0,1
Aquatics,Swimming,200m freestyle,W,"KRAUSE, Barbara",Women,GDR,0,0,1
Athletics,Athletics,4x400m relay,W,"NAZAROVA, Irina",Women,URS,0,0,1
Volleyball,Volleyball,volleyball,M,"GIRLEANU, Dan",Men,ROU,1,0,0
Aquatics,Swimming,4x100m medley relay,W,"STRUNNIKOVA, Natalia",Women,URS,1,0,0
Cycling,Cycling Track,Team Pursuit (4000m),M,"WINKLER, Volker",Men,GDR,0,1,0
Shooting,Shooting,50m running target (30+30 shots),X,"SOKOLOV, Igor",Men,URS,0,0,1
Basketball,Basketball,basketball,W,"SHARMAI, Liubov",Women,URS,0,0,1
Athletics,Athletics,10000m,M,"YIFTER, Miruts",Men,ETH,0,0,1
Boxing,Boxing,57 - 60kg (lightweight),M,"HERRERA VERA, Angel",Men,CUB,0,0,1
Handball,Handball,handball,W,"KRAUSE, Roswitha",Women,GDR,1,0,0
Rowing,Rowing,four-oared shell with coxswain (4-),W,"VELINOVA, Iskra",Women,BUL,0,1,0
Rowing,Rowing,single sculls (1x),W,"SCHRÖTER, Martina",Women,GDR,1,0,0
Aquatics,Water polo,water polo,M,"KISS, Istvan",Men,HUN,1,0,0
Rowing,Rowing,eight with coxswain (8+),M,"HÖING, Bernd",Men,GDR,0,0,1
Aquatics,Swimming,4x100m medley relay,M,"KUZNETSOV, Viktor",Men,URS,0,1,0
Weightlifting,Weightlifting,"- 52kg, total (flyweight)",M,"OSMONALIEV, Kanybek",Men,URS,0,0,1
Athletics,Athletics,400m,M,"SCHAFFER, Frank",Men,GDR,1,0,0
Hockey,Hockey,hockey,W,"BYKOVA, Natalia",Women,URS,1,0,0
Rowing,Rowing,quadruple sculls without coxswain (4x),M,"DUNDR, Frank",Men,GDR,0,0,1
Rowing,Rowing,four-oared shell with coxswain (4-),W,"MODEVA, Mariika",Women,BUL,0,1,0
Hockey,Hockey,hockey,W,"SHVYGANOVA, Tatiana",Women,URS,1,0,0
Handball,Handball,handball,W,"MERDAN-KOLAR, Jasna",Women,YUG,0,1,0
Handball,Handball,handball,W,"SAFINA, Yulia",Women,URS,0,0,1
Volleyball,Volleyball,volleyball,M,"CHERNYSHEV, Vladimir",Men,URS,0,0,1
Football,Football,football,M,"SULAKVELIDZE, Tengiz",Men,URS,1,0,0
Rowing,Rowing,eight with coxswain (8+),W,"ZHULINA, Valentina",Women,URS,0,1,0
Cycling,Cycling Track,1km time trial,M,"WELLER, David",Men,JAM,1,0,0
Canoe / Kayak,Canoe / Kayak F,K-2 500m (kayak double),M,"HELM, Rüdiger",Men,GDR,1,0,0
Fencing,Fencing,épée team,M,"SWORNOWSKI, Leszek",Men,POL,0,1,0
Aquatics,Swimming,4x100m medley relay,W,"POLLACK, Andrea",Women,GDR,0,0,1
Handball,Handball,handball,W,"PALCHIKOVA, Irina",Women,URS,0,0,1
Rowing,Rowing,pair-oared shell with coxswain (2+),M,"KRIUCHKIN, Gennadi",Men,URS,0,1,0
Basketball,Basketball,basketball,M,"KICANOVIC, Dragan",Men,YUG,0,0,1
Athletics,Athletics,4x400m relay,W,"KRUG, Barbara",Women,GDR,0,1,0
Sailing,Sailing,flying dutchman,X,"DETRE, Zsolt",Men,HUN,1,0,0
Aquatics,Swimming,4x100m medley relay,M,"ABRAHAM, Gary",Men,GBR,1,0,0
Handball,Handball,handball,W,"RUDOLPH, Renate",Women,GDR,1,0,0
Athletics,Athletics,110m hurdles,M,"PUCHKOV, Aleksandr",Men,URS,1,0,0
Wrestling,Wrestling Free.,82 - 90kg (light-heavyweight),M,"CICHON, Aleksander",Men,POL,1,0,0
Basketball,Basketball,basketball,W,"KOMNENOVIC, Jelica",Women,YUG,1,0,0
Aquatics,Diving,3m springboard,W,"KALININA, Irina",Women,URS,0,0,1
Boxing,Boxing,63.5 - 67kg (welterweight),M,"SZCZERBA, Kazimierz",Men,POL,1,0,0
Hockey,Hockey,hockey,M,"PLESHAKOV, Vladimir",Men,URS,1,0,0
Hockey,Hockey,hockey,M,"MIASNIKOV, Aleksandr",Men,URS,1,0,0
Fencing,Fencing,sabre team,M,"NEBALD, Rudolf",Men,HUN,1,0,0
Wrestling,Wrestling Gre-R,+ 100kg (super heavyweight),M,"TOMOV, Aleksandr",Men,BUL,0,1,0
Basketball,Basketball,basketball,M,"DALIPAGIC, Drazen",Men,YUG,0,0,1
Gymnastics,Artistic G.,floor exercises,W,"GNAUCK, Maxi",Women,GDR,1,0,0
Judo,Judo,+ 95kg (heavyweight),M,"PARISI, Angelo",Men,FRA,0,0,1
Wrestling,Wrestling Gre-R,82 - 90kg (light-heavyweight),M,"KANYGIN, Igor",Men,URS,0,1,0
Handball,Handball,handball,W,"JEREMIC, Slavica",Women,YUG,0,1,0
Basketball,Basketball,basketball,M,"GILARDI, Enrico",Men,ITA,0,1,0
Sailing,Sailing,fleet/match race keelboat open (Soling),X,"RAPANAKIS, Aristidis",Men,GRE,1,0,0
Handball,Handball,handball,W,"TURCHINA, Zinaida",Women,URS,0,0,1
Sailing,Sailing,470 - Two Person Dinghy,M,"TALLBERG, Georg",Men,FIN,1,0,0
Rowing,Rowing,four-oared shell with coxswain (4-),M,"KRISHIANIS, Dzintars",Men,URS,0,1,0
Athletics,Athletics,50km walk,M,"IVCHENKO, Evgeni",Men,URS,1,0,0
Athletics,Athletics,4x400m relay,M,"VALIULIS, Remigius",Men,URS,0,0,1
Shooting,Shooting,25m rapid fire pistol (60 shots),X,"PETRITSCH, Gerhard",Men,AUT,1,0,0
Canoe / Kayak,Canoe / Kayak F,K-4 1000m (kayak four),M,"ZAFIU, Mihai",Men,ROU,0,1,0
Aquatics,Swimming,100m breaststroke,M,"MISKAROV, Arsen",Men,URS,0,1,0
Athletics,Athletics,decathlon,M,"THOMPSON, Daley",Men,GBR,0,0,1
Judo,Judo,open category,M,"LORENZ, Dietmar",Men,GDR,0,0,1
Fencing,Fencing,épée individual,M,"KOLSZONAY, Ernö",Men,HUN,0,1,0
Cycling,Cycling Track,Team Pursuit (4000m),M,"POKORNY, Jiri",Men,TCH,1,0,0
Judo,Judo,+ 95kg (heavyweight),M,"KOVACEVIC, Radomir",Men,YUG,1,0,0
Aquatics,Swimming,200m backstroke,M,"WLADAR, Sandor",Men,HUN,0,0,1
Gymnastics,Artistic G.,floor exercises,W,"COMANECI, Nadia",Women,ROU,0,0,1
Boxing,Boxing,75 - 81kg (light-heavyweight),M,"ROJAS, Ricardo",Men,CUB,1,0,0
Athletics,Athletics,100m,M,"LEONARD SARRIA, Silvio",Men,CUB,0,1,0
Judo,Judo,65 - 71kg (lightweight),M,"GAMBA, Ezio",Men,ITA,0,0,1
Handball,Handball,handball,M,"TOMIN, Nikolai",Men,URS,0,1,0
Football,Football,football,M,"BAUM, Frank",Men,GDR,0,1,0
Aquatics,Swimming,4x100m medley relay,W,"METSCHUCK, Caren",Women,GDR,0,0,1
Athletics,Athletics,javelin throw,W,"GUNBA, Saida",Women,URS,0,1,0
Cycling,Cycling Road,team time trial,M,"LUDWIG, Olaf",Men,GDR,0,1,0
Aquatics,Swimming,4x100m freestyle relay,W,"DIERS, Ines",Women,GDR,0,0,1
Athletics,Athletics,4x400m relay,M,"MALINVERNI, Stefano",Men,ITA,1,0,0
Gymnastics,Artistic G.,team competition,M,"KOVACS, Peter",Men,HUN,1,0,0
Canoe / Kayak,Canoe / Kayak F,C-2 1000m (canoe double),M,"PATZAICHIN, Ivan",Men,ROU,0,0,1
Football,Football,football,M,"SHAVLO, Sergei",Men,URS,1,0,0
Cycling,Cycling Road,team time trial,M,"BODEN, Falk",Men,GDR,0,1,0
Canoe / Kayak,Canoe / Kayak F,C-2 500m (canoe double),M,"CAPUSTA, Petre",Men,ROU,0,1,0
Volleyball,Volleyball,volleyball,M,"MACAVEI, Sorin",Men,ROU,1,0,0
Gymnastics,Artistic G.,team competition,M,"GUCZOGHY, György",Men,HUN,1,0,0
Weightlifting,Weightlifting,"60 - 67.5kg, total (lightweight)",M,"KUNZ, Joachim",Men,GDR,0,1,0
Gymnastics,Artistic G.,parallel bars,M,"BRÜCKNER, Roland",Men,GDR,1,0,0
Volleyball,Volleyball,volleyball,W,"RAZUMOVA, Natalia",Women,URS,0,0,1
Hockey,Hockey,hockey,W,"CHASE, Elizabeth Muriel",Women,ZIM,0,0,1
Sailing,Sailing,fleet/match race keelboat open (Soling),X,"BOUDOURIS, Anastassios",Men,GRE,1,0,0
Aquatics,Swimming,200m freestyle,M,"KOPLYAKOV, Sergei",Men,URS,0,0,1
Canoe / Kayak,Canoe / Kayak F,C-1 1000m (canoe single),M,"LEUE, Eckhard",Men,GDR,1,0,0
Athletics,Athletics,hammer throw,M,"SEDYKH, Yuri",Men,URS,0,0,1
Wrestling,Wrestling Gre-R,52 - 57kg (bantamweight),M,"LJUNGBECK, Benni",Men,SWE,1,0,0
Football,Football,football,M,"CHERENKOV, Fiodor",Men,URS,1,0,0
Rowing,Rowing,quadruple sculls with coxswain (4x),W,"GEORGIEVA, Stanka",Women,BUL,1,0,0
Wrestling,Wrestling Free.,62 - 68kg (lightweight),M,"ABSAIDOV, Saipulla",Men,URS,0,0,1
Football,Football,football,M,"KHIDIATULLIN, Vagiz",Men,URS,1,0,0
Cycling,Cycling Road,team time trial,M,"KONECNY, Vlastibor",Men,TCH,1,0,0
Wrestling,Wrestling Gre-R,90 - 100kg (heavyweight),M,"BIERLA, Roman",Men,POL,0,1,0
Rowing,Rowing,eight with coxswain (8+),W,"BUCUR, Florica",Women,ROU,1,0,0
Gymnastics,Artistic G.,team competition,M,"MAKUTS, Bogdan",Men,URS,0,0,1
Hockey,Hockey,hockey,W,"HUGGETT, Susan",Women,ZIM,0,0,1
Modern Pentathlon,Modern Pentath.,Team competition,M,"MARACSKO, Tibor",Men,HUN,0,1,0
Sailing,Sailing,fleet/match race keelboat open (Soling),X,"JENSEN, Poul Richard Hoj",Men,DEN,0,0,1
Football,Football,football,M,"GAZZAEV, Valeri",Men,URS,1,0,0
Athletics,Athletics,long jump,M,"PODLUZHNYI, Valeri",Men,URS,1,0,0
Athletics,Athletics,long jump,M,"DOMBROWSKI, Lutz",Men,GDR,0,0,1
Handball,Handball,handball,M,"FEDYUKIN, Anatoli",Men,URS,0,1,0
Judo,Judo,71 - 78kg (half-middleweight),M,"HEINKE, Harald",Men,GDR,1,0,0
Volleyball,Volleyball,volleyball,M,"CHIFU, Valter Corneliu",Men,ROU,1,0,0
Canoe / Kayak,Canoe / Kayak F,K-2 500m (kayak double),M,"PARFENOVICH, Vladimir",Men,URS,0,0,1
Aquatics,Swimming,400m freestyle,W,"SCHNEIDER, Petra",Women,GDR,0,1,0
Handball,Handball,handball,M,"BIRTALAN, Stefan",Men,ROU,1,0,0
Aquatics,Swimming,200m freestyle,W,"SCHMIDT, Carmela",Women,GDR,1,0,0
Football,Football,football,M,"BAHRINGER, Jurgen",Men,GDR,0,1,0
Aquatics,Swimming,200m freestyle,M,"BREWER, Graeme",Men,AUS,1,0,0
Sailing,Sailing,Tornado - Multihull,X,"RAGNARSSON, Jörgen",Men,SWE,1,0,0
Cycling,Cycling Road,team time trial,M,"HARTNICK, Hans-Joachim",Men,GDR,0,1,0
Weightlifting,Weightlifting,"56 - 60kg, total (featherweight)",M,"MAZIN, Viktor",Men,URS,0,0,1
Hockey,Hockey,hockey,M,"SURINDER, Singh",Men,IND,0,0,1
Football,Football,football,M,"LIEBERS, Matthias",Men,GDR,0,1,0
Boxing,Boxing,67 - 71kg (light-middleweight),M,"KOSHKIN, Aleksandr",Men,URS,0,1,0
Shooting,Shooting,skeet (125 targets),X,"RASMUSSEN, Hans Kjeld",Men,DEN,0,0,1
Weightlifting,Weightlifting,"100 - 110kg, total (heavyweight)",M,"TARANENKO, Leonid",Men,URS,0,0,1
Football,Football,football,M,"BESSONOV, Vladimir",Men,URS,1,0,0
Aquatics,Swimming,4x100m medley relay,M,"KERRY, Mark",Men,AUS,0,0,1
Boxing,Boxing,+ 81kg (heavyweight),M,"STEVENSON, Teofilo",Men,CUB,0,0,1
Hockey,Hockey,hockey,M,"KLEVTSOV, Sergei",Men,URS,1,0,0
Weightlifting,Weightlifting,"90 - 100kg, total (first-heavyweight)",M,"NIKITIN, Igor",Men,URS,0,1,0
Fencing,Fencing,foil team,W,"SIDOROVA, Valentina",Women,URS,0,1,0
Aquatics,Diving,10m platform,W,"EMIRZIAN, Servard",Women,URS,0,1,0
Athletics,Athletics,10000m,M,"KEDIR, Mohammed",Men,ETH,1,0,0
Aquatics,Swimming,4x200m freestyle relay,M,"PFÜTZE, Frank",Men,GDR,0,1,0
Aquatics,Swimming,200m butterfly,W,"SCHÖNROCK, Sybille",Women,GDR,0,1,0
Athletics,Athletics,100m hurdles,W,"KOMISOVA, Vera",Women,URS,0,0,1
Cycling,Cycling Track,Sprint indivual,M,"KOPYLOV, Sergei",Men,URS,1,0,0
Gymnastics,Artistic G.,individual all-round,W,"COMANECI, Nadia",Women,ROU,0,1,0
Rowing,Rowing,pair-oared shell with coxswain (2+),M,"PEREVERZEV, Viktor",Men,URS,0,1,0
Rowing,Rowing,coxless pair (2-),M,"LANDVOIGT, Jörg",Men,GDR,0,0,1
Hockey,Hockey,hockey,M,"MANEYPANDA, Somaya",Men,IND,0,0,1
Athletics,Athletics,long jump,W,"SKACHKO, Tatiana",Women,URS,1,0,0
Handball,Handball,handball,W,"ANASTASOVSKI, Svetlana",Women,YUG,0,1,0
Boxing,Boxing,48 - 51kg (flyweight),M,"RUSSELL, Hugh",Men,IRL,1,0,0
Athletics,Athletics,4x100m relay,W,"SMALLWOOD-COOK, Kathryn",Women,GBR,1,0,0
Athletics,Athletics,4x100m relay,M,"PROKOFIEV, Andrei",Men,URS,0,0,1
Equestrian,Eventing,team,X,"SCIOCCHETTI, Marina",Women,ITA,0,1,0
Athletics,Athletics,400m hurdles,M,"BECK, Volker",Men,GDR,0,0,1
Hockey,Hockey,hockey,W,"PRINSLOO, Christine",Women,ZIM,0,0,1
Gymnastics,Artistic G.,individual all-round,M,"ANDRIANOV, Nikolay",Men,URS,0,1,0
Fencing,Fencing,sabre team,M,"HAMMANG, Ferenc",Men,HUN,1,0,0
Volleyball,Volleyball,volleyball,M,"LASHCHENOV, Fiodor",Men,URS,0,0,1
Gymnastics,Artistic G.,vault,M,"BRÜCKNER, Roland",Men,GDR,1,0,0
Rowing,Rowing,eight with coxswain (8+),M,"MOYNIHAN, Colin",Men,GBR,0,1,0
Judo,Judo,78 - 86kg (middleweight),M,"YATSKEVICH, Aleksandr",Men,URS,1,0,0
Football,Football,football,M,"SVOBODA, Jindrich",Men,TCH,0,0,1
Hockey,Hockey,hockey,M,"FABREGAS BOSCH, Francisco",Men,ESP,0,1,0
Hockey,Hockey,hockey,M,"PLESHAKOV, Sergei",Men,URS,1,0,0
Aquatics,Water polo,water polo,M,"CSAPO, Gabor",Men,HUN,1,0,0
Football,Football,football,M,"UHLIG, Frank",Men,GDR,0,1,0
Volleyball,Volleyball,volleyball,M,"PETKOV, Petko",Men,BUL,0,1,0
Rowing,Rowing,pair-oared shell with coxswain (2+),M,"LUKYANOV, Aleksandr",Men,URS,0,1,0
Rowing,Rowing,eight with coxswain (8+),M,"KOKOSHIN, Viktor",Men,URS,1,0,0
Gymnastics,Artistic G.,rings,M,"DITYATIN, Aleksandr",Men,URS,0,0,1
Sailing,Sailing,Tornado - Multihull,X,"WELTER, Alexandre",Men,BRA,0,0,1
Sailing,Sailing,flying dutchman,X,"WILKINS, David",Men,IRL,0,1,0
Handball,Handball,handball,W,"TIETZ, Marion",Women,GDR,1,0,0
Aquatics,Diving,10m platform,W,"JÄSCHKE, Martina",Women,GDR,0,0,1
Aquatics,Swimming,4x100m medley relay,W,"KRUGLOVA, Elena",Women,URS,1,0,0
Weightlifting,Weightlifting,"90 - 100kg, total (first-heavyweight)",M,"BLANCO FERNANDEZ, Alberto",Men,CUB,1,0,0
Aquatics,Swimming,4x100m medley relay,M,"GOODHEW, Dunkan",Men,GBR,1,0,0
Fencing,Fencing,sabre team,M,"KROVOPUSKOV, Viktor",Men,URS,0,0,1
Rowing,Rowing,four-oared shell with coxswain (4-),M,"BERZINSH, Yuris",Men,URS,0,1,0
Hockey,Hockey,hockey,W,"URBANOVA, Marta",Women,TCH,0,1,0
Athletics,Athletics,shot put,W,"DROESE-PUFE, Margitta",Women,GDR,1,0,0
Athletics,Athletics,triple jump,M,"UUDMAE, Yaak",Men,URS,0,0,1
Volleyball,Volleyball,volleyball,M,"DOROKHOV, Vladimir",Men,URS,0,0,1
Handball,Handball,handball,W,"KARLOVA, Larisa",Women,URS,0,0,1
Aquatics,Water polo,water polo,M,"KRIVOKAPIC, Milorad",Men,YUG,0,1,0
Equestrian,Dressage,team,X,"UGRYUMOV, Viktor",Men,URS,0,0,1
Aquatics,Swimming,100m backstroke,M,"BARON, Bengt",Men,SWE,0,0,1
Canoe / Kayak,Canoe / Kayak F,K-4 1000m (kayak four),M,"KHRISTOV, Lazar",Men,BUL,1,0,0
Athletics,Athletics,marathon,M,"CIERPINSKI, Waldemar",Men,GDR,0,0,1
Aquatics,Swimming,800m freestyle,W,"DÄHNE, Heike",Women,GDR,1,0,0
Boxing,Boxing,67 - 71kg (light-middleweight),M,"KÄSTNER, Detlef",Men,GDR,1,0,0
Volleyball,Volleyball,volleyball,W,"AKHAMINOVA, Elena",Women,URS,0,0,1
Athletics,Athletics,shot put,M,"BEYER, Udo",Men,GDR,1,0,0
Handball,Handball,handball,W,"HEINECKE, Birgit",Women,GDR,1,0,0
Canoe / Kayak,Canoe / Kayak F,C-2 500m (canoe double),M,"PATZAICHIN, Ivan",Men,ROU,0,1,0
Boxing,Boxing,- 48kg (light-flyweight),M,"LI, Byong Uk",Men,PRK,1,0,0
Fencing,Fencing,foil team,M,"BONIN, Philippe",Men,FRA,0,0,1
Football,Football,football,M,"ROMANTSEV, Oleg",Men,URS,1,0,0
Gymnastics,Artistic G.,team competition,M,"AZARIAN, Eduard",Men,URS,0,0,1
Handball,Handball,handball,M,"ISHCHENKO, Mikhail",Men,URS,0,1,0
Handball,Handball,handball,M,"SCHMIDT, Wieland",Men,GDR,0,0,1
Aquatics,Swimming,100m butterfly,M,"PYTTEL, Roger",Men,GDR,0,1,0
Rowing,Rowing,four-oared shell with coxswain (4-),W,"SEMENOVA, Svetlana",Women,URS,1,0,0
Equestrian,Eventing,team,X,BOMBONA,Women,MEX,1,0,0
Sailing,Sailing,Tornado - Multihull,X,"KJERGARD, Per",Men,DEN,0,1,0
Gymnastics,Artistic G.,vault,W,"RÜHN, Melita",Women,ROU,1,0,0
Hockey,Hockey,hockey,M,"CABOT DURAN, Ricardo",Men,ESP,0,1,0
Rowing,Rowing,eight with coxswain (8+),M,"WHITWELL, Allan",Men,GBR,0,1,0
Hockey,Hockey,hockey,W,"FROLOVA, Liudmila",Women,URS,1,0,0
Athletics,Athletics,discus throw,M,"RASHCHUPKIN, Viktor",Men,URS,0,0,1
Aquatics,Swimming,4x200m freestyle relay,M,"GRABS, Detlev",Men,GDR,0,1,0
Rowing,Rowing,eight with coxswain (8+),W,"METZE, Karin",Women,GDR,0,0,1
Football,Football,football,M,"SREINER, Zdenek",Men,TCH,0,0,1
Sailing,Sailing,single-handed dinghy (Finn),M,"MAYRHOFER, Wolfgang",Men,AUT,0,1,0
Rowing,Rowing,eight with coxswain (8+),W,"FRINTU, Rodica",Women,ROU,1,0,0
Handball,Handball,handball,W,"STRECHEN, Sigita",Women,URS,0,0,1
Judo,Judo,- 60 kg,M,"EMIZH, Arambi",Men,URS,1,0,0
Rowing,Rowing,quadruple sculls with coxswain (4x),W,"PUSTOVIT, Antonina",Women,URS,0,1,0
Gymnastics,Artistic G.,vault,M,"DITYATIN, Aleksandr",Men,URS,0,1,0
Basketball,Basketball,basketball,W,"PERAZIC, Jasmina",Women,YUG,1,0,0
Rowing,Rowing,quadruple sculls with coxswain (4x),W,"PLOCH, Jutta",Women,GDR,0,0,1
Modern Pentathlon,Modern Pentath.,Team competition,M,"LIPEEV, Evgeni",Men,URS,0,0,1
Canoe / Kayak,Canoe / Kayak F,K-2 1000m (kayak double),M,"RAMOS MISIONE, Luis Gregorio",Men,ESP,1,0,0
Handball,Handball,handball,W,"MATZ, Evelyn",Women,GDR,1,0,0
Rowing,Rowing,coxless pair (2-),M,"PIMENOV, Nikolai",Men,URS,0,1,0
Rowing,Rowing,eight with coxswain (8+),W,"FROLOVA, Nina",Women,URS,0,1,0
Equestrian,Jumping,team,X,LADY MIRKA,Women,MEX,1,0,0
Basketball,Basketball,basketball,W,"IVINSKAIA, Tatiana",Women,URS,0,0,1
Cycling,Cycling Track,Team Pursuit (4000m),M,"PETRAKOV, Vitali",Men,URS,0,0,1
Wrestling,Wrestling Gre-R,74 - 82kg (middleweight),M,"DOLGOWICZ, Jan",Men,POL,0,1,0
Hockey,Hockey,hockey,W,"HAJKOVA, Jirina",Women,TCH,0,1,0
Volleyball,Volleyball,volleyball,M,"MANOLE, Viorel",Men,ROU,1,0,0
Hockey,Hockey,hockey,W,"STEWART, Anthea Doreen",Women,ZIM,0,0,1
Canoe / Kayak,Canoe / Kayak F,C-2 1000m (canoe double),M,"YURCHENKO, Vasili",Men,URS,1,0,0
Football,Football,football,M,"CHELEBADZE, Revaz",Men,URS,1,0,0
Rowing,Rowing,double sculls (2x),M,"STANULOV, Milorad",Men,YUG,0,1,0
Basketball,Basketball,basketball,M,"VECCHIATIO, Renzo",Men,ITA,0,1,0
Basketball,Basketball,basketball,M,"ZIZIC, Rajko",Men,YUG,0,0,1
Fencing,Fencing,foil team,M,"ROBAK, Adam",Men,POL,1,0,0
Athletics,Athletics,400m hurdles,M,"ARKHIPENKO, Vasili",Men,URS,0,1,0
Equestrian,Eventing,individual,X,"ROMAN, Federico Euro",Men,ITA,0,0,1
Volleyball,Volleyball,volleyball,M,"ANGELOV, Yordan",Men,BUL,0,1,0
Equestrian,Eventing,team,X,"CASAGRANDE, Anna",Women,ITA,0,1,0
Equestrian,Jumping,team,X,"VALDES LACARRA, Alberto",Men,MEX,1,0,0
Athletics,Athletics,4x100m relay,W,"MÜLLER, Romy",Women,GDR,0,0,1
Aquatics,Swimming,100m backstroke,W,"RIEDEL, Petra",Women,GDR,1,0,0
Canoe / Kayak,Canoe / Kayak F,K-4 1000m (kayak four),M,"HELM, Rüdiger",Men,GDR,0,0,1
Volleyball,Volleyball,volleyball,M,"ERMILOV, Aleksandr",Men,URS,0,0,1
Rowing,Rowing,four-oared shell with coxswain (4-),W,"SOVETNIKOVA, Galina",Women,URS,1,0,0
Volleyball,Volleyball,volleyball,W,"HEIM, Andrea",Women,GDR,0,1,0
Aquatics,Swimming,4x100m medley relay,W,"JAMESON, Helen",Women,GBR,0,1,0
Equestrian,Dressage,team,X,"VELIKU, Dumitru",Men,ROU,1,0,0
Volleyball,Volleyball,volleyball,W,"BORISOVA, Verka",Women,BUL,1,0,0
Rowing,Rowing,eight with coxswain (8+),M,"NORMANTAS, Ionas",Men,URS,1,0,0
Sailing,Sailing,fleet/match race keelboat open (Soling),X,"BANDOLOWSKI, Valdemar",Men,DEN,0,0,1
Cycling,Cycling Track,Individual Pursuit,M,"BONDUE, Alain",Men,FRA,0,1,0
Boxing,Boxing,54 - 57kg (featherweight),M,"RYBAKOV, Viktor",Men,URS,1,0,0
Shooting,Shooting,50m rifle prone (60 shots),X,"VARGA, Karoly",Men,HUN,0,0,1
Sailing,Sailing,470 - Two Person Dinghy,M,"LINDGREN, Jouko",Men,FIN,1,0,0
Handball,Handball,handball,M,"DREIBRODT, Gunter",Men,GDR,0,0,1
Hockey,Hockey,hockey,M,"BASKARAN, Baskaran",Men,IND,0,0,1
Rowing,Rowing,eight with coxswain (8+),W,"KNETSCH-KÖPKE, Christiane",Women,GDR,0,0,1
Handball,Handball,handball,W,"DJURICA, Mirjana",Women,YUG,0,1,0
Wrestling,Wrestling Free.,- 48kg (light-flyweight),M,"JANG, Se Hong",Men,PRK,0,1,0
Aquatics,Swimming,1500m freestyle,M,"CHAEV, Aleksandr",Men,URS,0,1,0
Wrestling,Wrestling Gre-R,+ 100kg (super heavyweight),M,"KOLCHINSKY, Aleksandr",Men,URS,0,0,1
Athletics,Athletics,long jump,M,"PASCHEK, Frank",Men,GDR,0,1,0
Rowing,Rowing,four-oared shell with coxswain (4-),M,"KUBIAK, Ryszard",Men,POL,1,0,0
Football,Football,football,M,"SEMAN, Stanislav",Men,TCH,0,0,1
Rowing,Rowing,quadruple sculls without coxswain (4x),M,"PETROV, Liubomir",Men,BUL,1,0,0
Canoe / Kayak,Canoe / Kayak F,C-1 500m (canoe single),M,"POSTREKHIN, Sergei",Men,URS,0,0,1
Aquatics,Swimming,4x100m medley relay,M,"TONELLI, Mark",Men,AUS,0,0,1
Weightlifting,Weightlifting,"75 - 82.5kg, total (light-heavyweight)",M,"VARDANIAN, Yurik",Men,URS,0,0,1
Rowing,Rowing,four-oared shell with coxswain (4-),W,"STUDNEVA, Marina",Women,URS,1,0,0
Aquatics,Water polo,water polo,M,"RUDIC, Ratko",Men,YUG,0,1,0
Judo,Judo,60 - 65kg (half-lightweight),M,"PAWLOWSKI, Janusz",Men,POL,1,0,0
Equestrian,Dressage,team,X,"KOVSHOV, Yuri",Men,URS,0,0,1
Rowing,Rowing,eight with coxswain (8+),W,"BOESLER, Martina",Women,GDR,0,0,1
Fencing,Fencing,épée team,M,"PICOT, Patrick",Men,FRA,0,0,1
Judo,Judo,- 60 kg,M,"REY, Thierry",Men,FRA,0,0,1
Rowing,Rowing,four-oared shell with coxswain (4-),W,"FILIPOVA, Nadezhda",Women,BUL,0,1,0
Rowing,Rowing,pair without coxswain (2-),W,"STEINDORF, Ute",Women,GDR,0,0,1
Handball,Handball,handball,W,"WUNDERLICH, Claudia",Women,GDR,1,0,0
Modern Pentathlon,Modern Pentath.,Team competition,M,"SZOMBATHELYI, Tamas",Men,HUN,0,1,0
Fencing,Fencing,foil team,M,"BOSCHERIE, Bruno",Men,FRA,0,0,1
Volleyball,Volleyball,volleyball,W,"WESTENDORF, Anke",Women,GDR,0,1,0
Aquatics,Water polo,water polo,M,"SUDAR, Attila",Men,HUN,1,0,0
Aquatics,Swimming,4x100m medley relay,M,"SMITH, Martin",Men,GBR,1,0,0
Canoe / Kayak,Canoe / Kayak F,K-4 1000m (kayak four),M,"MANEV, Ivan",Men,BUL,1,0,0
Equestrian,Jumping,team,X,"PEREZ DE LA HERAS, Joaquin",Men,MEX,1,0,0
Athletics,Athletics,high jump,M,"WSZOLA, Jacek",Men,POL,0,1,0
Rowing,Rowing,four without coxswain (4-),M,"KAMKIN, Aleksei",Men,URS,0,1,0
Canoe / Kayak,Canoe / Kayak F,K-2 500m (kayak double),W,"BISCHOF, Martina",Women,GDR,0,0,1
Weightlifting,Weightlifting,"82.5 - 90kg, total (middle-heavyweight)",M,"ALEKSANDROV, Rumen",Men,BUL,0,1,0
Aquatics,Swimming,4x100m medley relay,W,"CROFT, June",Women,GBR,0,1,0
Hockey,Hockey,hockey,M,"FERNANDES, Mervyn",Men,IND,0,0,1
Athletics,Athletics,high jump,W,"KIRST, Jutta",Women,GDR,1,0,0
Wrestling,Wrestling Free.,74 - 82kg (middleweight),M,"ABILOV, Ismail",Men,BUL,0,0,1
Judo,Judo,78 - 86kg (middleweight),M,"ULTSCH, Detlef",Men,GDR,1,0,0
Aquatics,Swimming,200m freestyle,W,"DIERS, Ines",Women,GDR,0,1,0
Athletics,Athletics,4x400m relay,M,"BECK, Volker",Men,GDR,0,1,0
Volleyball,Volleyball,volleyball,W,"KHRISTOLOVA, Anka",Women,BUL,1,0,0
Rowing,Rowing,eight with coxswain (8+),W,"LOHS-KUHN, Gabriele",Women,GDR,0,0,1
Judo,Judo,60 - 65kg (half-lightweight),M,"DAMDIN, Tsendying",Men,MGL,0,1,0
Aquatics,Diving,10m platform,M,"ALEINIK, Vladimir",Men,URS,0,1,0
Athletics,Athletics,triple jump,M,"DE OLIVEIRA, Joao Carlos",Men,BRA,1,0,0
Fencing,Fencing,sabre individual,M,"BURTSEV, Mikhail",Men,URS,0,1,0
Football,Football,football,M,"RUDWALEIT, Bodo",Men,GDR,0,1,0
Gymnastics,Artistic G.,team competition,W,"NAIMUSHINA, Elena",Women,URS,0,0,1
Rowing,Rowing,four-oared shell with coxswain (4-),M,"DIESSNER, Walter",Men,GDR,0,0,1
Gymnastics,Artistic G.,team competition,W,"ZAKHAROVA, Stella",Women,URS,0,0,1
Rowing,Rowing,eight with coxswain (8+),M,"KRAUSS, Bernd",Men,GDR,0,0,1
Volleyball,Volleyball,volleyball,M,"KONDRA, Vladimir",Men,URS,0,0,1
Athletics,Athletics,shot put,M,"KISELEV, Vladimir",Men,URS,0,0,1
Hockey,Hockey,hockey,W,"CHICK, Sandra",Women,ZIM,0,0,1
Rowing,Rowing,quadruple sculls with coxswain (4x),W,"LAU, Jutta",Women,GDR,0,0,1
Canoe / Kayak,Canoe / Kayak F,K-2 500m (kayak double),W,"GOPOVA-TROFIMOVA, Nina",Women,URS,0,1,0
Weightlifting,Weightlifting,"+ 110kg, total (super heavyweight)",M,"HEUSER, Jürgen",Men,GDR,0,1,0
Gymnastics,Artistic G.,team competition,M,"HEMMANN, Ralf-Peter",Men,GDR,0,1,0
Rowing,Rowing,double sculls (2x),W,"ALEXANDROVA-POPOVA, Larissa",Women,URS,0,0,1
Aquatics,Swimming,200m breaststroke,M,"ZHULPA, Robertas",Men,URS,0,0,1
Aquatics,Water polo,water polo,M,"POLIC, Damir",Men,YUG,0,1,0
Rowing,Rowing,eight with coxswain (8+),M,"DMITRIENKO, Grigori",Men,URS,1,0,0
Sailing,Sailing,fleet/match race keelboat open (Soling),X,"POLYAKOV, Nikolai",Men,URS,0,1,0
Boxing,Boxing,60 - 63.5kg (light-welterweight),M,"AGUILAR, Jose",Men,CUB,1,0,0
Rowing,Rowing,eight with coxswain (8+),M,"DÜHRING, Uwe",Men,GDR,0,0,1
Equestrian,Jumping,team,X,"HARTMAN, Wieslaw",Men,POL,0,1,0
Modern Pentathlon,Modern Pentath.,Team competition,M,"STAROSTIN, Anatoli",Men,URS,0,0,1
Fencing,Fencing,foil team,W,"BEGARD, Isabelle",Women,FRA,0,0,1
Wrestling,Wrestling Gre-R,68 - 74kg (welterweight),M,"BYKOV, Anatoli",Men,URS,0,1,0
Rowing,Rowing,pair without coxswain (2-),W,"KELBETCHEVA-BARBULOVA, Siika",Women,BUL,1,0,0
Volleyball,Volleyball,volleyball,W,"LEHMANN, Heike",Women,GDR,0,1,0
Equestrian,Jumping,team,X,"TAZZER VALENCIA, Valencia Gerardo",Men,MEX,1,0,0
Rowing,Rowing,pair without coxswain (2-),W,"KLIER, Cornelia",Women,GDR,0,0,1
Aquatics,Swimming,4x100m freestyle relay,W,"VAN VELSEN, Wilma",Women,NED,1,0,0
Volleyball,Volleyball,volleyball,W,"BULLIN, Katharina",Women,GDR,0,1,0
Football,Football,football,M,"DASAEV, Rinat",Men,URS,1,0,0
Equestrian,Eventing,team,X,"VOLKOV, Valeri",Men,URS,0,0,1
Athletics,Athletics,3000m steeplechase,M,"BAYI, Filbert",Men,TAN,0,1,0
Volleyball,Volleyball,volleyball,W,"CZEKALLA, Barbara",Women,GDR,0,1,0
Hockey,Hockey,hockey,W,"ENGLISH, Sarah",Women,ZIM,0,0,1
Canoe / Kayak,Canoe / Kayak F,K-4 1000m (kayak four),M,"ESEANU, Nicusor",Men,ROU,0,1,0
Volleyball,Volleyball,volleyball,M,"STOIANOV, Khristo",Men,BUL,0,1,0
Judo,Judo,65 - 71kg (lightweight),M,"ADAMS, Neil",Men,GBR,0,1,0
Fencing,Fencing,épée team,M,"SALESSE, Michel",Men,FRA,0,0,1
Archery,Archery,individual FITA round,M,"FERRARI, Giancarlo",Men,ITA,1,0,0
Archery,Archery,individual FITA round,M,"ISACHENKO, Boris",Men,URS,0,1,0
Rowing,Rowing,four without coxswain (4-),M,"MCNUFF, Ian",Men,GBR,1,0,0
Aquatics,Swimming,100m backstroke,M,"KUZNETSOV, Viktor",Men,URS,0,1,0
Gymnastics,Artistic G.,team competition,W,"SHAPOSHNIKOVA, Natalia",Women,URS,0,0,1
Volleyball,Volleyball,volleyball,M,"ZLATANOV, Dimitr",Men,BUL,0,1,0
Volleyball,Volleyball,volleyball,M,"OROS, Corneliu",Men,ROU,1,0,0
Wrestling,Wrestling Gre-R,68 - 74kg (welterweight),M,"HUHTALA, Mikko",Men,FIN,1,0,0
Canoe / Kayak,Canoe / Kayak F,C-2 1000m (canoe double),M,"LOBANOV, Yuri",Men,URS,1,0,0
Fencing,Fencing,sabre team,M,"MONTANO, Mario Aldo",Men,ITA,0,1,0
Sailing,Sailing,two-person keelboat open (Star),X,"FERSTL, Karl",Men,AUT,0,1,0
Basketball,Basketball,basketball,W,"PEKIC, Sofija",Women,YUG,1,0,0
Athletics,Athletics,4x100m relay,W,"HUNTE-OAKES, Heather",Women,GBR,1,0,0
Gymnastics,Artistic G.,team competition,W,"DAVYDOVA, Elena",Women,URS,0,0,1
Aquatics,Diving,10m platform,M,"AMBARTSUMYAN, David",Men,URS,1,0,0
Aquatics,Swimming,100m breaststroke,M,"EVANS, Peter",Men,AUS,1,0,0
Cycling,Cycling Track,Team Pursuit (4000m),M,"MANAKOV, Viktor",Men,URS,0,0,1
Fencing,Fencing,foil team,W,"USHAKOVA, Irina",Women,URS,0,1,0
Volleyball,Volleyball,volleyball,M,"DUMANOIU, Laurentiu",Men,ROU,1,0,0
Hockey,Hockey,hockey,M,"ARBOS PERARNAU, Juan",Men,ESP,0,1,0
Gymnastics,Artistic G.,uneven bars,W,"RÜHN, Melita",Women,ROU,1,0,0
Aquatics,Swimming,100m backstroke,W,"KLEBER, Ina",Women,GDR,0,1,0
Fencing,Fencing,foil team,W,"NOVIKOVA-BELOVA, Elena",Women,URS,0,1,0
Canoe / Kayak,Canoe / Kayak F,K-1 500m (kayak single),M,"DIBA, Vasile",Men,ROU,1,0,0
Handball,Handball,handball,M,"KARSHAKEVICH, Aleksandr",Men,URS,0,1,0
Wrestling,Wrestling Free.,- 48kg (light-flyweight),M,"KORNILAEV, Sergei",Men,URS,1,0,0
Rowing,Rowing,single sculls (1x),M,"KARPPINEN, Pertti",Men,FIN,0,0,1
Athletics,Athletics,4x100m relay,M,"WORONIN, Marian",Men,POL,0,1,0
Equestrian,Eventing,team,X,"SALNIKOV, Yuri",Men,URS,0,0,1
Hockey,Hockey,hockey,W,"GORBATKOVA, Nelli",Women,URS,1,0,0
Wrestling,Wrestling Free.,90 - 100kg (heavyweight),M,"CHERVENKOV, Slavcho",Men,BUL,0,1,0
Handball,Handball,handball,M,"HOFT, Rainer",Men,GDR,0,0,1
Rowing,Rowing,eight with coxswain (8+),W,"NEISSER, Kersten",Women,GDR,0,0,1
Athletics,Athletics,triple jump,M,"SANEEV, Viktor",Men,URS,0,1,0
Fencing,Fencing,foil team,W,"SZOCS, Zsuzsa",Women,HUN,1,0,0
Boxing,Boxing,71-75kg,M,"SAVCHENKO, Viktor",Men,URS,0,1,0
Athletics,Athletics,4x400m relay,M,"ZULIANI, Mauro",Men,ITA,1,0,0
Handball,Handball,handball,W,"KRETZSCHMAR, Waltraud",Women,GDR,1,0,0
Cycling,Cycling Road,individual road race,M,"BARINOV, Yuri",Men,URS,1,0,0
Fencing,Fencing,foil team,M,"PIETRUSZKA, Frederic",Men,FRA,0,0,1
Volleyball,Volleyball,volleyball,M,"VALTCHEV, Emil",Men,BUL,0,1,0
Wrestling,Wrestling Gre-R,82 - 90kg (light-heavyweight),M,"NOTTNY, Norbert",Men,HUN,0,0,1
Athletics,Athletics,4x100m relay,W,"OELSNER-GÖHR, Marlies",Women,GDR,0,0,1
Equestrian,Eventing,team,X,GALZUN,Men,URS,0,0,1
Wrestling,Wrestling Gre-R,57 - 62kg (featherweight),M,"TOTH, Istvan",Men,HUN,0,1,0
Rowing,Rowing,double sculls (2x),M,"PANCIC, Zoran",Men,YUG,0,1,0
Aquatics,Water polo,water polo,M,"MUSTUR, Zoran",Men,YUG,0,1,0
Fencing,Fencing,sabre team,M,"ROMANO, Marco",Men,ITA,0,1,0
Rowing,Rowing,four without coxswain (4-),M,"SEMMLER, Stefan",Men,GDR,0,0,1
Basketball,Basketball,basketball,W,"MITIC, Vukica",Women,YUG,1,0,0
Gymnastics,Artistic G.,parallel bars,M,"TKACHEV, Aleksandr",Men,URS,0,0,1
Handball,Handball,handball,W,"ZOBER, Hannelore",Women,GDR,1,0,0
Gymnastics,Artistic G.,pommel horse,M,"DITYATIN, Aleksandr",Men,URS,0,1,0
Basketball,Basketball,basketball,M,"KNEGO, Andro",Men,YUG,0,0,1
Fencing,Fencing,sabre team,M,"MAFFEI, Michele",Men,ITA,0,1,0
Volleyball,Volleyball,volleyball,W,"LOGINOVA, Lidia",Women,URS,0,0,1
Sailing,Sailing,470 - Two Person Dinghy,M,"SOARES, Marcos Pinto Rizzo",Men,BRA,0,0,1
Basketball,Basketball,basketball,M,"VILLALTA, Renato",Men,ITA,0,1,0
Canoe / Kayak,Canoe / Kayak F,K-1 500m (kayak single),M,"PARFENOVICH, Vladimir",Men,URS,0,0,1
Hockey,Hockey,hockey,W,"AKHMEROVA, Liailia",Women,URS,1,0,0
Wrestling,Wrestling Gre-R,57 - 62kg (featherweight),M,"KRAMORENKO, Boris",Men,URS,1,0,0
Rowing,Rowing,four-oared shell with coxswain (4-),W,"FRÖHLICH, Silvia",Women,GDR,0,0,1
Aquatics,Water polo,water polo,M,"SHARONOV, Evgeni",Men,URS,0,0,1
Rowing,Rowing,eight with coxswain (8+),M,"JUSTICE, Andrew",Men,GBR,0,1,0
Fencing,Fencing,foil team,M,"KOZIEJOWSKI, Lech",Men,POL,1,0,0
Basketball,Basketball,basketball,M,"GENERALI, Pietro",Men,ITA,0,1,0
Athletics,Athletics,high jump,W,"KIELAN, Urszula",Women,POL,0,1,0
Athletics,Athletics,4x100m relay,W,"LANNAMAN, Sonia",Women,GBR,1,0,0
Equestrian,Dressage,team,X,"ROSCA, Petre",Men,ROU,1,0,0
Cycling,Cycling Road,team time trial,M,"YARKIN, Anatoli",Men,URS,0,0,1
Hockey,Hockey,hockey,W,"BLAZKOVA, Milada",Women,TCH,0,1,0
Volleyball,Volleyball,volleyball,M,"PANCHENKO, Yuri",Men,URS,0,0,1
Rowing,Rowing,four-oared shell with coxswain (4-),M,"DÖHN, Gottfried",Men,GDR,0,0,1
Rowing,Rowing,eight with coxswain (8+),M,"MAISTRENKO, Igor",Men,URS,1,0,0
Aquatics,Swimming,4x100m medley relay,W,"REINISCH, Rica",Women,GDR,0,0,1
Athletics,Athletics,4x100m relay,W,"GODDARD-CALLENDER, Beverley",Women,GBR,1,0,0
Equestrian,Jumping,team,X,REIS,Men,URS,0,0,1
Rowing,Rowing,four-oared shell with coxswain (4-),W,"CHEREMISINA, Nina",Women,URS,1,0,0
Equestrian,Jumping,team,X,"KOZICKI, Marian",Men,POL,0,1,0
Athletics,Athletics,20km walk,M,"DAMILANO, Maurizio",Men,ITA,0,0,1
Hockey,Hockey,hockey,M,"NICHEPURENKO, Mikhail",Men,URS,1,0,0
Aquatics,Water polo,water polo,M,"GOPCEVIC, Zoran",Men,YUG,0,1,0
Aquatics,Swimming,100m breaststroke,M,"GOODHEW, Dunkan",Men,GBR,0,0,1
Handball,Handball,handball,M,"ANPILOGOV, Aleksandr",Men,URS,0,1,0
Athletics,Athletics,4x100m relay,M,"ZWOLINSKI, Krzysztof",Men,POL,0,1,0
Boxing,Boxing,+ 81kg (heavyweight),M,"FANGHÄNEL, Jürgen",Men,GDR,1,0,0
Weightlifting,Weightlifting,"82.5 - 90kg, total (middle-heavyweight)",M,"MANTEK, Frank",Men,GDR,1,0,0
Aquatics,Water polo,water polo,M,"SOBCHENKO, Viacheslav",Men,URS,0,0,1
Weightlifting,Weightlifting,"- 56kg, total (bantamweight)",M,"SARKISIAN, Yurik",Men,URS,0,1,0
Aquatics,Swimming,200m breaststroke,M,"MISKAROV, Arsen",Men,URS,1,0,0
Judo,Judo,65 - 71kg (lightweight),M,"DAVAADALAI, Ravdan",Men,MGL,1,0,0
Wrestling,Wrestling Free.,57 - 62kg (featherweight),M,"DOUKOV, Mikho",Men,BUL,0,1,0
Aquatics,Water polo,water polo,M,"HAUSZLER, Karoly",Men,HUN,1,0,0
Canoe / Kayak,Canoe / Kayak F,K-4 1000m (kayak four),M,"MARG, Harald",Men,GDR,0,0,1
Boxing,Boxing,51 - 54kg (bantamweight),M,"PINANGO, Bernardo Jose",Men,VEN,0,1,0
Aquatics,Water polo,water polo,M,"SZIVOS, Istvan",Men,HUN,1,0,0
Rowing,Rowing,double sculls (2x),M,"KRÖPPELIEN, Klaus",Men,GDR,0,0,1
Rowing,Rowing,four-oared shell with coxswain (4-),M,"GARONSKIS, Artur",Men,URS,0,1,0
Fencing,Fencing,foil team,M,"JOLYOT, Pascal",Men,FRA,0,0,1
Aquatics,Water polo,water polo,M,"LOZICA, Bosko",Men,YUG,0,1,0
Aquatics,Swimming,4x100m medley relay,W,"GRISHCHENKOVA, Alla",Women,URS,1,0,0
Aquatics,Swimming,100m breaststroke,W,"VASILKOVA, Elvira",Women,URS,0,1,0
Cycling,Cycling Track,Individual Pursuit,M,"DILL-BUNDI, Robert",Men,SUI,0,0,1
Gymnastics,Artistic G.,vault,M,"ANDRIANOV, Nikolay",Men,URS,0,0,1
Rowing,Rowing,quadruple sculls without coxswain (4x),M,"NIKOLOV, Mintcho",Men,BUL,1,0,0
Fencing,Fencing,foil individual,W,"WYSOCZANSKA, Barbara",Women,POL,1,0,0
Shooting,Shooting,50m rifle 3 positions (3x40 shots),X,"VLASOV, Viktor",Men,URS,0,0,1
Rowing,Rowing,quadruple sculls with coxswain (4x),W,"LIUBIMOVA, Nadezhda",Women,URS,0,1,0
Rowing,Rowing,eight with coxswain (8+),W,"STETSENKO, Tatiana",Women,URS,0,1,0
Gymnastics,Artistic G.,uneven bars,W,"FILATOVA, Maria",Women,URS,1,0,0
Football,Football,football,M,"LICKA, Werner",Men,TCH,0,0,1
Equestrian,Eventing,team,X,GELESPONT,Men,URS,0,0,1
Volleyball,Volleyball,volleyball,W,"GEORGIEVA, Maia",Women,BUL,1,0,0
Wrestling,Wrestling Free.,+ 100kg (super heavyweight),M,"SANDURSKI, Adam",Men,POL,1,0,0
Gymnastics,Artistic G.,floor exercises,M,"BRÜCKNER, Roland",Men,GDR,0,0,1
Rowing,Rowing,quadruple sculls with coxswain (4x),W,"BAKOVA, Anka",Women,BUL,1,0,0
Hockey,Hockey,hockey,M,"ZAFAR, Zafar",Men,IND,0,0,1
Basketball,Basketball,basketball,M,"BELOSTENNYI, Aleksandr",Men,URS,1,0,0
Cycling,Cycling Track,Individual Pursuit,M,"ÖRSTED, Hans-Henrik",Men,DEN,1,0,0
Sailing,Sailing,Tornado - Multihull,X,"DUE, Peter",Men,DEN,0,1,0
Rowing,Rowing,double sculls (2x),W,"LINSE, Cornelia",Women,GDR,0,1,0
Fencing,Fencing,foil team,M,"ROMANKOV, Aleksander",Men,URS,0,1,0
Rowing,Rowing,four-oared shell with coxswain (4-),W,"NOACK, Angelika",Women,GDR,0,0,1
Handball,Handball,handball,M,"DUMITRU, Marian",Men,ROU,1,0,0
Rowing,Rowing,four without coxswain (4-),M,"TOWNSEND, David",Men,GBR,1,0,0
Fencing,Fencing,foil team,W,"BROUQUIER, Veronique",Women,FRA,0,0,1
Boxing,Boxing,57 - 60kg (lightweight),M,"ADACH, Kazimierz",Men,POL,1,0,0
Basketball,Basketball,basketball,W,"MAJSTOROVIC, Biljana",Women,YUG,1,0,0
Hockey,Hockey,hockey,W,"SYKOROVA, Marie",Women,TCH,0,1,0
Rowing,Rowing,pair without coxswain (2-),W,"GRUITCHEVA-KUBATOVA, Stoyanka",Women,BUL,1,0,0
Wrestling,Wrestling Free.,82 - 90kg (light-heavyweight),M,"OGANISIAN, Sanasar",Men,URS,0,0,1
Hockey,Hockey,hockey,M,"GARRALDA, Rafael",Men,ESP,0,1,0
Wrestling,Wrestling Free.,90 - 100kg (heavyweight),M,"MATE, Ilia",Men,URS,0,0,1
Volleyball,Volleyball,volleyball,W,"CHERNYSHOVA, Liudmila",Women,URS,0,0,1
Aquatics,Water polo,water polo,M,"BARKALOV, Aleksei",Men,URS,0,0,1
Weightlifting,Weightlifting,"- 56kg, total (bantamweight)",M,"DEMBONCZYK, Tadeusz",Men,POL,1,0,0
Basketball,Basketball,basketball,M,"SYLVESTER, Michael",Men,ITA,0,1,0
Rowing,Rowing,four without coxswain (4-),M,"BEATTIE, John",Men,GBR,1,0,0
Rowing,Rowing,four-oared shell with coxswain (4-),W,"WENZEL, Kirsten",Women,GDR,0,0,1
Athletics,Athletics,shot put,M,"BARYSHNIKOV, Aleksandr",Men,URS,0,1,0
Basketball,Basketball,basketball,W,"FERYABNIKOVA, Nelli",Women,URS,0,0,1
Athletics,Athletics,400m,W,"BREHMER-LATHAN, Christina",Women,GDR,1,0,0
Equestrian,Dressage,team,X,PLOT,Men,URS,0,0,1
Athletics,Athletics,200m,W,"OTTEY-PAGE, Merlene",Women,JAM,1,0,0
Wrestling,Wrestling Free.,62 - 68kg (lightweight),M,"SEJDI, Saban",Men,YUG,1,0,0
Sailing,Sailing,flying dutchman,X,"ABASCAL GARCIA, Alejandro",Men,ESP,0,0,1
Athletics,Athletics,javelin throw,M,"MAKAROV, Aleksandr",Men,URS,0,1,0
Rowing,Rowing,coxless pair (2-),M,"CARMICHAEL, Malcolm",Men,GBR,1,0,0
Rowing,Rowing,four without coxswain (4-),M,"THIELE, Jürgen",Men,GDR,0,0,1
Rowing,Rowing,coxless pair (2-),M,"WIGGIN, Charles",Men,GBR,1,0,0
Volleyball,Volleyball,volleyball,M,"KRIVOV, Valeri",Men,URS,0,0,1
Volleyball,Volleyball,volleyball,M,"DIMITROV, Stefan",Men,BUL,0,1,0
Rowing,Rowing,eight with coxswain (8+),W,"PIVOVAROVA, Olga",Women,URS,0,1,0
Football,Football,football,M,"OGANESIAN, Khoren",Men,URS,1,0,0
Gymnastics,Artistic G.,team competition,M,"MACK, Lutz",Men,GDR,0,1,0
Athletics,Athletics,100m,W,"OELSNER-GÖHR, Marlies",Women,GDR,0,1,0
Athletics,Athletics,10000m,M,"MAANINKA, Kaarlo",Men,FIN,0,1,0
Gymnastics,Artistic G.,team competition,M,"DITYATIN, Aleksandr",Men,URS,0,0,1
Volleyball,Volleyball,volleyball,W,"ILIEVA, Valentina",Women,BUL,1,0,0
Hockey,Hockey,hockey,W,"FILIPPOVA, Nadezhda",Women,URS,1,0,0
Athletics,Athletics,4x400m relay,W,"BREHMER-LATHAN, Christina",Women,GDR,0,1,0
Athletics,Athletics,400m,M,"MARKIN, Viktor",Men,URS,0,0,1
Hockey,Hockey,hockey,M,"ZIGANGIROV, Farit",Men,URS,1,0,0
Athletics,Athletics,4x100m relay,M,"MURAVYOV, Vladimir",Men,URS,0,0,1
Shooting,Shooting,trap (125 targets),X,"DAMME, Jörg",Men,GDR,1,0,0
Cycling,Cycling Road,team time trial,M,"KASHIRIN, Yuri",Men,URS,0,0,1
Handball,Handball,handball,M,"KUSHNIRYUK, Sergei",Men,URS,0,1,0
Aquatics,Swimming,100m freestyle,W,"METSCHUCK, Caren",Women,GDR,0,1,0
Hockey,Hockey,hockey,W,"INZHUVATOVA, Galina",Women,URS,1,0,0
Equestrian,Dressage,individual,X,IGROK,Men,URS,0,1,0
Basketball,Basketball,basketball,M,"TARAKANOV, Sergei",Men,URS,1,0,0
Fencing,Fencing,foil individual,W,"MAROS, Magda",Women,HUN,0,1,0
Rowing,Rowing,four-oared shell with coxswain (4-),W,"FADEEVA, Maria",Women,URS,1,0,0
Cycling,Cycling Track,Sprint indivual,M,"CAHARD, Yave",Men,FRA,0,1,0
Athletics,Athletics,long jump,W,"KOLPAKOVA, Tatiana",Women,URS,0,0,1
Handball,Handball,handball,M,"COSMA, Adrian",Men,ROU,1,0,0
Athletics,Athletics,800m,M,"KIROV, Nikolai",Men,URS,1,0,0
Aquatics,Swimming,400m individual medley,M,"SIDORENKO, Aleksandr",Men,URS,0,0,1
Hockey,Hockey,hockey,M,"GARCIA MESSEGUER, Jose",Men,ESP,0,1,0
Rowing,Rowing,pair without coxswain (2-),W,"DLUZEWSKA, Malgorzata",Women,POL,0,1,0
Handball,Handball,handball,M,"BOROS, Iosif",Men,ROU,1,0,0
Athletics,Athletics,pole vault,M,"VOLKOV, Konstantin",Men,URS,0,1,0
Fencing,Fencing,foil team,W,"KOVACS, Edit",Women,HUN,1,0,0
Handball,Handball,handball,M,"IONESCU, Claudiu Eugen",Men,ROU,1,0,0
Aquatics,Swimming,4x100m freestyle relay,W,"VAN BENTUM, Conny",Women,NED,1,0,0
Rowing,Rowing,eight with coxswain (8+),W,"SANDIG, Marita",Women,GDR,0,0,1
Football,Football,football,M,"SCHNUPHASE, Rudiger",Men,GDR,0,1,0
Modern Pentathlon,Modern Pentath.,Team competition,M,"LEDNEV, Pavel",Men,URS,0,0,1
Canoe / Kayak,Canoe / Kayak F,K-4 1000m (kayak four),M,"GEANTA, Ion",Men,ROU,0,1,0
Aquatics,Water polo,water polo,M,"VEZILIC, Luka",Men,YUG,0,1,0
Handball,Handball,handball,W,"BOBRUS-PARADNIK, Liudmila",Women,URS,0,0,1
Rowing,Rowing,eight with coxswain (8+),M,"KONS, Ulrich",Men,GDR,0,0,1
Hockey,Hockey,hockey,W,"CERMAKOVA, Jirina",Women,TCH,0,1,0
Aquatics,Swimming,200m breaststroke,M,"VERMES, Alban",Men,HUN,0,1,0
Basketball,Basketball,basketball,W,"SLAVTCHEVA-STEFANOVA, Evladia",Women,BUL,0,1,0
Judo,Judo,86 - 95kg (half-heavyweight),M,"VAN DE WALLE, Robert",Men,BEL,0,0,1
Rowing,Rowing,quadruple sculls without coxswain (4x),M,"DOVGAN, Nikolai",Men,URS,0,1,0
Rowing,Rowing,eight with coxswain (8+),W,"ZAGONI, Marlena",Women,ROU,1,0,0
Rowing,Rowing,eight with coxswain (8+),W,"CONSTANTINESCU, Maria",Women,ROU,1,0,0
Rowing,Rowing,eight with coxswain (8+),M,"LUDWIG, Klaus-Dieter",Men,GDR,0,0,1
Hockey,Hockey,hockey,W,"PODHANYIOVA, Viera",Women,TCH,0,1,0
Modern Pentathlon,Modern Pentath.,Team competition,M,"HORVATH, George",Men,SWE,1,0,0
Canoe / Kayak,Canoe / Kayak F,C-1 1000m (canoe single),M,"POSTREKHIN, Sergei",Men,URS,0,1,0
Basketball,Basketball,basketball,W,"DJURKOVIC, Zorica",Women,YUG,1,0,0
Gymnastics,Artistic G.,team competition,M,"NIKOLAY, Michael",Men,GDR,0,1,0
Equestrian,Eventing,team,X,"PEREZ SOTO, Soto Jose Luis",Men,MEX,1,0,0
Rowing,Rowing,four-oared shell with coxswain (4-),M,"KRISHIANIS, Dimant",Men,URS,0,1,0
Wrestling,Wrestling Gre-R,- 48kg (light-flyweight),M,"SERES, Ferenc",Men,HUN,1,0,0
Aquatics,Water polo,water polo,M,"MANOJLOVIC, Predrag",Men,YUG,0,1,0
Athletics,Athletics,5000m,M,"MAANINKA, Kaarlo",Men,FIN,1,0,0
Aquatics,Swimming,100m breaststroke,W,"NIELSSON, Susanne Schultz",Women,DEN,1,0,0
Hockey,Hockey,hockey,W,"OVECHKINA, Nadezhda",Women,URS,1,0,0
Gymnastics,Artistic G.,floor exercises,W,"SHAPOSHNIKOVA, Natalia",Women,URS,1,0,0
Rowing,Rowing,four-oared shell with coxswain (4-),M,"STELLAK, Grzegorz",Men,POL,1,0,0
Aquatics,Water polo,water polo,M,"BEBIC, Milivoj",Men,YUG,0,1,0
Rowing,Rowing,four without coxswain (4-),M,"DECKER, Andreas",Men,GDR,0,0,1
Handball,Handball,handball,W,"SAVKINA, Larisa",Women,URS,0,0,1
Basketball,Basketball,basketball,M,"MILOSERDOV, Valeri",Men,URS,1,0,0
Equestrian,Jumping,team,X,"POGANOVSKI, Viktor",Men,URS,0,0,1
Volleyball,Volleyball,volleyball,W,"DIMITROVA, Tania",Women,BUL,1,0,0
Rowing,Rowing,quadruple sculls with coxswain (4x),W,"CHEREMISINA, Nina",Women,URS,0,1,0
Athletics,Athletics,20km walk,M,"WIESER, Roland",Men,GDR,1,0,0
Hockey,Hockey,hockey,W,"COWLEY, Gillian Margaret",Women,ZIM,0,0,1
Hockey,Hockey,hockey,W,"KYSELICOVA, Alena",Women,TCH,0,1,0
Aquatics,Swimming,400m freestyle,W,"SCHMIDT, Carmela",Women,GDR,1,0,0
Athletics,Athletics,800m,M,"COE, Sebastian",Men,GBR,0,1,0
Athletics,Athletics,javelin throw,M,"HANISCH, Wolfgang",Men,GDR,1,0,0
Handball,Handball,handball,M,"DURAU, Cornel",Men,ROU,1,0,0
Basketball,Basketball,basketball,W,"GERMANOVA, Silvia",Women,BUL,0,1,0
Wrestling,Wrestling Gre-R,48 - 52kg (flyweight),M,"MLADENOV, Mladen",Men,BUL,1,0,0
Aquatics,Swimming,4x100m freestyle relay,W,"LJUNGDAHL, Carina",Women,SWE,0,1,0
Handball,Handball,handball,M,"CHERNYSHOV, Evgeni",Men,URS,0,1,0
Rowing,Rowing,quadruple sculls with coxswain (4x),W,"WEIGELT-BUHR, Liane",Women,GDR,0,0,1
Canoe / Kayak,Canoe / Kayak F,K-1 500m (kayak single),M,"SUMEGI, John",Men,AUS,0,1,0
Rowing,Rowing,coxless pair (2-),M,"LANDVOIGT, Bernd",Men,GDR,0,0,1
Rowing,Rowing,eight with coxswain (8+),M,"MAHONEY, Chris",Men,GBR,0,1,0
Athletics,Athletics,200m,W,"ECKERT-WÖCKEL, Bärbel",Women,GDR,0,0,1
Athletics,Athletics,1500m,M,"COE, Sebastian",Men,GBR,0,0,1
Rowing,Rowing,eight with coxswain (8+),M,"MCDOUGALL, Duncan",Men,GBR,0,1,0
Wrestling,Wrestling Free.,52 - 57kg (bantamweight),M,"OUINBOLD, Dugarsuren",Men,MGL,1,0,0
Hockey,Hockey,hockey,W,"MCKILLOP, Patricia Jean",Women,ZIM,0,0,1
Basketball,Basketball,basketball,M,"RADOVANOVIC, Ratko",Men,YUG,0,0,1
Gymnastics,Artistic G.,individual all-round,M,"DITYATIN, Aleksandr",Men,URS,0,0,1
Athletics,Athletics,4x400m relay,M,"TOZZI, Roberto",Men,ITA,1,0,0
Basketball,Basketball,basketball,M,"COSIC, Kresimir",Men,YUG,0,0,1
Fencing,Fencing,épée team,M,"JABLKOWSKI, Piotr",Men,POL,0,1,0
Judo,Judo,open category,M,"MAPP, Arthur",Men,GBR,1,0,0
Canoe / Kayak,Canoe / Kayak F,K-1 500m (kayak single),W,"FISCHER, Birgit",Women,GDR,0,0,1
Football,Football,football,M,"MULLER, Matthias",Men,GDR,0,1,0
Aquatics,Diving,3m springboard,W,"GUTHKE, Karin",Women,GDR,1,0,0
Fencing,Fencing,épée team,M,"BOISSE, Philippe",Men,FRA,0,0,1
Basketball,Basketball,basketball,W,"BARISHEVA-KOROSTELEVA, Olga",Women,URS,0,0,1
Basketball,Basketball,basketball,M,"SLAVNIC, Zoran",Men,YUG,0,0,1
Football,Football,football,M,"BERGER, Jan",Men,TCH,0,0,1
Judo,Judo,71 - 78kg (half-middleweight),M,"KHABARELI, Shota",Men,URS,0,0,1
Football,Football,football,M,"MACELA, Ludek",Men,TCH,0,0,1
Rowing,Rowing,eight with coxswain (8+),M,"MCGOWAN, Malkolm",Men,GBR,0,1,0
Athletics,Athletics,1500m,M,"OVETT, Steve",Men,GBR,1,0,0
Athletics,Athletics,4x100m relay,M,"SIDOROV, Nikolai",Men,URS,0,0,1
Hockey,Hockey,hockey,W,"KRALICKOVA, Jarmila",Women,TCH,0,1,0
Hockey,Hockey,hockey,M,"ZAGORODNEV, Oleg",Men,URS,1,0,0
Handball,Handball,handball,M,"MUNTEANU, Nicolae",Men,ROU,1,0,0
Volleyball,Volleyball,volleyball,M,"STEREA, Constantin",Men,ROU,1,0,0
Athletics,Athletics,high jump,M,"FREIMUTH, Jörg",Men,GDR,1,0,0
Aquatics,Swimming,200m butterfly,M,"PYTTEL, Roger",Men,GDR,1,0,0
Aquatics,Swimming,1500m freestyle,M,"METZKER, Maxwell",Men,AUS,1,0,0
Athletics,Athletics,4x400m relay,M,"SCHAFFER, Frank",Men,GDR,0,1,0
Aquatics,Swimming,4x200m freestyle relay,M,"GARRIDO MADRUGA, Djan",Men,BRA,1,0,0
Wrestling,Wrestling Free.,68 - 74kg (welterweight),M,"KARABIN, Dan",Men,TCH,1,0,0
Basketball,Basketball,basketball,W,"STOYANOVA, Penka",Women,BUL,0,1,0
Athletics,Athletics,3000m steeplechase,M,"MALINOWSKI, Bronislaw",Men,POL,0,0,1
Basketball,Basketball,basketball,W,"GOLTCHEVA, Nadka",Women,BUL,0,1,0
Hockey,Hockey,hockey,M,"MONSALVE, Paulino",Men,ESP,0,1,0
Handball,Handball,handball,W,"TITLIC, Ana",Women,YUG,0,1,0
Athletics,Athletics,1500m,W,"KAZANKINA, Tatiana",Women,URS,0,0,1
Rowing,Rowing,pair-oared shell with coxswain (2+),M,"JÄHRLING, Harald",Men,GDR,0,0,1
Equestrian,Dressage,team,X,"GADZHEV, Georgi",Men,BUL,0,1,0
Aquatics,Swimming,400m freestyle,M,"STUKOLKIN, Ivar",Men,URS,1,0,0
Boxing,Boxing,60 - 63.5kg (light-welterweight),M,"WILLIS, Anthony",Men,GBR,1,0,0
Basketball,Basketball,basketball,M,"DELIBASIC, Mirza",Men,YUG,0,0,1
Aquatics,Water polo,water polo,M,"RIISMAN, Mait",Men,URS,0,0,1
Basketball,Basketball,basketball,W,"MAKAVEEVA, Petkana",Women,BUL,0,1,0
Aquatics,Swimming,400m freestyle,W,"DIERS, Ines",Women,GDR,0,0,1
Hockey,Hockey,hockey,W,"KADLECOVA, Jirina",Women,TCH,0,1,0
Rowing,Rowing,double sculls (2x),M,"DREIFKE, Joachim",Men,GDR,0,0,1
Equestrian,Jumping,team,X,"KOROLKOV, Nikolai",Men,URS,0,0,1
Aquatics,Swimming,4x100m freestyle relay,W,"GUSTAFSSON, Tina",Women,SWE,0,1,0
Gymnastics,Artistic G.,horizontal bar,M,"ANDRIANOV, Nikolay",Men,URS,1,0,0
Wrestling,Wrestling Free.,48 - 52kg (flyweight),M,"SELIMOV, Nermedin",Men,BUL,1,0,0
Canoe / Kayak,Canoe / Kayak F,K-4 1000m (kayak four),M,"DUVIGNEAU, Bernd",Men,GDR,0,0,1
Handball,Handball,handball,W,"SHERSTYUK-TIMOSHKINA, Natalia",Women,URS,0,0,1
Hockey,Hockey,hockey,W,"DAVIES, Patricia Joan",Women,ZIM,0,0,1
Cycling,Cycling Road,team time trial,M,"SKODA, Jiri",Men,TCH,1,0,0
Wrestling,Wrestling Gre-R,90 - 100kg (heavyweight),M,"ANDREI, Vasile",Men,ROU,1,0,0
Basketball,Basketball,basketball,W,"SUKHARNOVA, Olga",Women,URS,0,0,1
Equestrian,Dressage,team,X,"MISEVICH, Vera",Women,URS,0,0,1
Basketball,Basketball,basketball,M,"DELLA FIORI, Fabrizio",Men,ITA,0,1,0
Aquatics,Swimming,4x100m freestyle relay,W,"METSCHUCK, Caren",Women,GDR,0,0,1
Hockey,Hockey,hockey,W,"VYMAZALOVA, Lenka",Women,TCH,0,1,0
Aquatics,Swimming,200m backstroke,M,"KERRY, Mark",Men,AUS,1,0,0
Fencing,Fencing,foil team,W,"TRINQUET-HACHIN, Pascale",Women,FRA,0,0,1
Aquatics,Swimming,100m freestyle,M,"HOLMERTZ, Per",Men,SWE,0,1,0
Wrestling,Wrestling Free.,- 48kg (light-flyweight),M,"POLLIO, Claudio",Men,ITA,0,0,1
Football,Football,football,M,"TERLETZKI, Frank",Men,GDR,0,1,0
Wrestling,Wrestling Gre-R,82 - 90kg (light-heavyweight),M,"DICU, Petre",Men,ROU,1,0,0
Volleyball,Volleyball,volleyball,M,"ENESCU, Günther",Men,ROU,1,0,0
Rowing,Rowing,four-oared shell with coxswain (4-),M,"TIKMERS, Zhorzh",Men,URS,0,1,0
Gymnastics,Artistic G.,individual all-round,W,"GNAUCK, Maxi",Women,GDR,0,1,0
Athletics,Athletics,4x400m relay,W,"MACDONALD, Linsey",Women,GBR,1,0,0
Aquatics,Swimming,200m breaststroke,W,"BOGDANOVA, Yulia",Women,URS,1,0,0
Weightlifting,Weightlifting,"56 - 60kg, total (featherweight)",M,"DIMITROV, Stefan",Men,BUL,0,1,0
Athletics,Athletics,110m hurdles,M,"MUNKELT, Thomas",Men,GDR,0,0,1
Canoe / Kayak,Canoe / Kayak F,K-2 500m (kayak double),W,"RAKUSZ, Eva",Women,HUN,1,0,0
Handball,Handball,handball,M,"NOVITSKI, Valdemar",Men,URS,0,1,0
Athletics,Athletics,hammer throw,M,"TAMM, Yuri",Men,URS,1,0,0
Aquatics,Swimming,4x200m freestyle relay,M,"KRYLOV, Andrei",Men,URS,0,0,1
Gymnastics,Artistic G.,team competition,W,"RENSCH, Katharina",Women,GDR,1,0,0
Boxing,Boxing,60 - 63.5kg (light-welterweight),M,"KONAKBAEV, Serik",Men,URS,0,1,0
Sailing,Sailing,flying dutchman,X,"WILKINSON, James",Men,IRL,0,1,0
Cycling,Cycling Road,individual road race,M,"LANG, Stanislaw",Men,POL,0,1,0
Judo,Judo,78 - 86kg (middleweight),M,"AZCUY OLIVA, Isaac",Men,CUB,0,1,0
Aquatics,Swimming,400m individual medley,W,"DAVIES, Sharron Elizabeth",Women,GBR,0,1,0
Basketball,Basketball,basketball,M,"JERKOV, Zeljko",Men,YUG,0,0,1
Judo,Judo,open category,M,"PARISI, Angelo",Men,FRA,0,1,0
Handball,Handball,handball,W,"MAKARETS-KOCHERGINA, Tatiana",Women,URS,0,0,1
Rowing,Rowing,double sculls (2x),M,"VOCHOSKA, Vaclav",Men,TCH,1,0,0
Aquatics,Swimming,4x100m medley relay,M,"SEREDIN, Evgeni",Men,URS,0,1,0
Volleyball,Volleyball,volleyball,W,"MUMMHARDT, Christine",Women,GDR,0,1,0
Athletics,Athletics,400m,W,"KOCH, Marita",Women,GDR,0,0,1
Athletics,Athletics,100m,M,"PETROV, Peter",Men,BUL,1,0,0
Rowing,Rowing,quadruple sculls with coxswain (4x),W,"VASILCHENKO, Olga",Women,URS,0,1,0
Volleyball,Volleyball,volleyball,M,"SAVIN, Aleksandr",Men,URS,0,0,1
Cycling,Cycling Road,team time trial,M,"SHELPAKOV, Sergei",Men,URS,0,0,1
Boxing,Boxing,63.5 - 67kg (welterweight),M,"ALDAMA CABRERA, Andres",Men,CUB,0,0,1
Athletics,Athletics,4x100m relay,W,"ZHARKOVA-MASLAKOVA, Liudmila",Women,URS,0,1,0
Handball,Handball,handball,W,"OGNJENOVIC, Mirjana",Women,YUG,0,1,0
Rowing,Rowing,eight with coxswain (8+),M,"STANHOPE, Richard",Men,GBR,0,1,0
Athletics,Athletics,4x100m relay,M,"BARRE, Pascal",Men,FRA,1,0,0
Athletics,Athletics,4x400m relay,M,"CHERNETSKI, Nikolai",Men,URS,0,0,1
Handball,Handball,handball,W,"LUKIANENKO, Natalia",Women,URS,0,0,1
Handball,Handball,handball,M,"SCHMIDT, Dietmar",Men,GDR,0,0,1
Basketball,Basketball,basketball,W,"BOGDANOVA, Krasimira",Women,BUL,0,1,0
Basketball,Basketball,basketball,M,"SKROCE, Branko",Men,YUG,0,0,1
Wrestling,Wrestling Gre-R,62 - 68kg (lightweight),M,"SKIOLD, Lars-Erik",Men,SWE,1,0,0
Handball,Handball,handball,M,"VOINEA, Maricel",Men,ROU,1,0,0
Aquatics,Swimming,4x100m freestyle relay,W,"KRAUSE, Barbara",Women,GDR,0,0,1
Rowing,Rowing,eight with coxswain (8+),M,"TISHCHENKO, Andrei",Men,URS,1,0,0
Handball,Handball,handball,M,"VASILCA, Neculai",Men,ROU,1,0,0
Equestrian,Eventing,team,X,"ROMAN, Mauro",Men,ITA,0,1,0
Volleyball,Volleyball,volleyball,W,"MAKOGONOVA, Irina",Women,URS,0,0,1
Shooting,Shooting,50m pistol (60 shots),X,"DIAKOV, Lubtcho",Men,BUL,1,0,0
Rowing,Rowing,quadruple sculls without coxswain (4x),M,"RUSEV, Ivo",Men,BUL,1,0,0
Equestrian,Eventing,team,X,TSKHETI,Men,URS,0,0,1
Hockey,Hockey,hockey,M,"DE PAZ PLA, Miguel",Men,ESP,0,1,0
Aquatics,Swimming,100m freestyle,W,"DIERS, Ines",Women,GDR,1,0,0
Equestrian,Jumping,team,X,"KOWALCZYK, Jan",Men,POL,0,1,0
Equestrian,Eventing,team,X,"MENDIVIL YOCUPICIO, Manuel",Men,MEX,1,0,0
Hockey,Hockey,hockey,W,"PETRICKOVA, Kveta",Women,TCH,0,1,0
Hockey,Hockey,hockey,W,"ROBERTSON, Sonia",Women,ZIM,0,0,1
Athletics,Athletics,400m hurdles,M,"OAKES, Gary",Men,GBR,1,0,0
Basketball,Basketball,basketball,W,"DESPOTOVIC, Vesna",Women,YUG,1,0,0
Basketball,Basketball,basketball,W,"BRAINOVA, Diana",Women,BUL,0,1,0
Volleyball,Volleyball,volleyball,W,"SCHMIDT, Martina",Women,GDR,0,1,0
Rowing,Rowing,eight with coxswain (8+),W,"DOBRITOIU, Elena",Women,ROU,1,0,0
Rowing,Rowing,four without coxswain (4-),M,"CROSS, Martin",Men,GBR,1,0,0
Boxing,Boxing,+ 81kg (heavyweight),M,"ZAEV, Piotr",Men,URS,0,1,0
Volleyball,Volleyball,volleyball,M,"GUNCHEV, Stoian",Men,BUL,0,1,0
Boxing,Boxing,57 - 60kg (lightweight),M,"NOWAKOWSKI, Richard",Men,GDR,1,0,0
Aquatics,Swimming,400m individual medley,M,"FESENKO, Sergei",Men,URS,0,1,0
Volleyball,Volleyball,volleyball,M,"STOIAN, Nicu",Men,ROU,1,0,0
Basketball,Basketball,basketball,M,"IOVAISHA, Sergei",Men,URS,1,0,0
Hockey,Hockey,hockey,M,"KAUSHIK, Maharaj Krishon",Men,IND,0,0,1
Volleyball,Volleyball,volleyball,W,"KOSTRZEWA, Ute",Women,GDR,0,1,0
Boxing,Boxing,67 - 71kg (light-middleweight),M,"MARTINEZ, Armando",Men,CUB,0,0,1
Athletics,Athletics,1500m,W,"STOLL-WARTENBERG, Christiane",Women,GDR,0,1,0
Rowing,Rowing,four-oared shell with coxswain (4-),M,"GREGOR, Andreas",Men,GDR,0,0,1
Handball,Handball,handball,M,"BELOV, Vladimir",Men,URS,0,1,0
Handball,Handball,handball,W,"KRÜGER, Katrin",Women,GDR,1,0,0
Boxing,Boxing,71-75kg,M,"GOMEZ, Jose",Men,CUB,0,0,1
Shooting,Shooting,trap (125 targets),X,"GIOVANNETTI, Luciano",Men,ITA,0,0,1
